index,chr,pos,ref,alt,id,type,subtype,Existing_variation,HGVSc,SYMBOL,Consequence,CAPICE,CI-SpliceAI,ConSpliceML,DANN,Eigen,GERP,HAL,Pangolin,ReMM,S-CAP,SPiP,SQUIRLS,SiPhy,SpliceAI,TraP,SPIDEX,FATHMM-MKL,FunSeq2,gnomADg_AF,kipoiSplice4,LINSIGHT,MMSplice,phastCons,phyloP,CADD-Splice,CADD_v1.5,dbscSNV,MaxEntScan,CLNREVSTAT,CLNSIG,CLNDISDB,location,label,outcome
10_55948805_1279219_C,10,55948805,T,C,1279219,snp,ts,rs73244894,ENST00000361849.3:c.1306-3777A>G,PCDH15,intron_variant,0.0024,0.01,0.0,0.5214,4.8504,0.101,,0.0,0.003,,0.002,0.011,2.0279,0.0,0.221,,0.1752,0.0828,0.02810000069439411,,0.0414,,,0.182,1.802,1.84,,,"criteria_provided,_single_submitter",Benign,MedGen:CN517202,intronic,False,Benign
10_55949151_44031_A,10,55949151,G,A,44031,snp,ts,rs16905686,ENST00000361849.3:c.1306-4123C>T,PCDH15,intron_variant,0.0208,0.06,0.011,0.6892,4.8504,5.47,0.35672952,0.01,0.898,0.0,0.0,0.016,16.8303,0.01,1.316,2.126,0.9812,0.7056,0.17430000007152557,0.059456575627898633,0.9674,0.4337,0.07,1.148,15.35,14.92,0.034,,"criteria_provided,_multiple_submitters,_no_conflicts",Benign,"MONDO:MONDO:0011186,MedGen:C1865885,OMIM:602083|MedGen:CN169374|MedGen:CN517202",intronic,False,Benign
10_55949390_1250795_T,10,55949390,G,T,1250795,snp,tv,rs1561675,ENST00000361849.3:c.1306-4362C>A,PCDH15,intron_variant,0.0008,0.02,0.0,0.3655,4.8504,3.56,,0.0,0.012,,0.0,0.013,0.1527,0.0,0.23,1.646,0.0647,0.0828,0.42500001192092896,,0.0414,,,0.696,0.657,0.666,,,"criteria_provided,_single_submitter",Benign,MedGen:CN517202,intronic,False,Benign
10_64158746_1221562_G,10,64158746,A,G,1221562,snp,ts,rs2306970,ENST00000410046.3:c.924+10411A>G,ZNF365,intron_variant,0.0004,0.01,0.0,0.6215,4.8504,1.08,,0.0,0.008,,0.006,0.0084,6.2024,0.0,0.06,0.449,0.0524,0.1795,0.6671000123023987,,0.0456,,,0.051,3.697,3.754,,,"criteria_provided,_single_submitter",Benign,MedGen:CN517202,intronic,False,Benign
10_64415031_1257178_A,10,64415031,G,A,1257178,snp,ts,rs10822043&COSV60823842,ENST00000410046.3:c.1130-1125G>A,ZNF365,intron_variant,0.0002,0.13,,0.2056,4.8504,3.51,,0.14,0.023,,0.0,0.011,5.3743,,0.005,0.602,0.3055,0.9768,0.20180000364780426,,0.051,0.0066,,0.03,1.139,0.821,,,"criteria_provided,_single_submitter",Benign,MedGen:CN517202,intronic,False,Benign
10_78673557_1273780_G,10,78673557,T,G,1273780,snp,tv,rs2395443,ENST00000404857.1:c.2965+1137A>C,KCNMA1,intron_variant,0.0006,0.01,0.0,0.7136,4.8504,5.27,,0.0,0.42,,0.0,0.01,10.2535,0.0,0.105,1.798,0.9309,0.9746,0.9988999962806702,,0.8588,0.00739513327802804,1.0,2.217,19.16,18.12,,,"criteria_provided,_single_submitter",Benign,MedGen:CN517202,intronic,False,Benign
10_78673640_1228144_T,10,78673640,G,T,1228144,snp,tv,rs2395444,ENST00000404857.1:c.2965+1054C>A,KCNMA1,intron_variant,0.0005,0.01,0.0,0.828,4.8504,6.17,,0.0,0.98,,0.0,0.012,14.1996,0.0,0.081,1.228,0.9871,0.9746,0.6729999780654907,,0.9782,0.002703226183096095,1.0,2.652,20.1,19.09,,,"criteria_provided,_single_submitter",Benign,MedGen:CN517202,intronic,False,Benign
10_78760959_1252546_T,10,78760959,C,T,1252546,snp,ts,rs11001963,ENST00000404857.1:c.2092+10766G>A,KCNMA1,intron_variant,0.0252,0.0,0.0,0.6808,4.8504,5.03,,0.0,0.891,,0.0,0.01,14.0689,0.0,0.043,1.385,0.9852,0.9746,0.5393999814987183,,0.6033,,0.977,2.111,14.38,14.05,,,"criteria_provided,_single_submitter",Benign,MedGen:CN517202,intronic,False,Benign
10_100221266_1223507_C,10,100221266,T,C,1223507,snp,ts,rs10883104,ENST00000370552.3:c.1614-1770A>G,HPSE2,intron_variant,0.0003,0.04,0.168,0.3371,4.8504,7.82,,0.03,0.017,,0.094,0.033,11.3388,0.01,0.196,3.095,0.1055,0.8087,0.24959999322891235,,0.1326,,,3.065,0.362,0.306,,,"criteria_provided,_single_submitter",Benign,MedGen:CN517202,intronic,False,Benign
10_100221596_1241987_A,10,100221596,G,A,1241987,snp,ts,rs74375744,ENST00000370552.3:c.1614-2100C>T,HPSE2,intron_variant,0.001,0.17,0.274,0.702,4.8504,1.95,,0.15,0.083,0.0,0.004,0.013,6.015,0.21,0.078,1.868,0.2481,0.7785,0.01726200059056282,0.06573626623313183,0.1746,0.23136405051283535,,0.241,3.023,3.328,,,"criteria_provided,_single_submitter",Benign,MedGen:CN517202,intronic,False,Benign
10_114921521_1277159_T,10,114921521,C,T,1277159,snp,ts,rs114887151,ENST00000543371.1:c.1391+1071C>T,TCF7L2,intron_variant,0.0005,0.0,0.0,0.7916,4.8504,0.176,,0.0,0.016,,0.0,0.0084,7.3962,0.0,0.052,1.549,0.2002,0.7363,0.014461000449955463,,0.1458,,,0.015,2.825,2.836,,,"criteria_provided,_single_submitter",Benign,MedGen:CN517202,intronic,False,Benign
10_114921661_1268412_T,10,114921661,G,T,1268412,snp,tv,rs112166450,ENST00000543371.1:c.1391+1211G>T,TCF7L2,intron_variant,0.0001,0.0,0.0,0.6087,4.8504,2.93,,0.0,0.644,,0.0,0.01,3.4834,0.0,0.038,0.503,0.1989,0.5809,0.03970000147819519,,0.0469,,,0.383,1.547,1.571,,,"criteria_provided,_single_submitter",Benign,MedGen:CN517202,intronic,False,Benign
10_123242026_667901_C,10,123242026,T,C,667901,snp,ts,rs3135814,ENST00000457416.2:c.2304+1186A>G,FGFR2,intron_variant,0.0001,0.01,0.025,0.4791,4.8504,3.67,,0.0,0.0,,0.0,0.013,5.342,0.0,0.066,,0.1523,0.9157,0.7311000227928162,,0.157,,,0.291,1.87,1.886,,,"criteria_provided,_single_submitter",Benign,MedGen:CN517202,intronic,False,Benign
10_123276830_13299_C,10,123276830,T,C,13299,snp,ts,rs879253721&CS991400,ENST00000457416.2:c.1087+1366A>G,FGFR2,intron_variant,0.9793,0.92,1.0,0.9682,4.8504,5.67,5.03763215,0.66,0.977,1.464203233256,0.918,0.991,15.9271,0.83,1.7069999999999999,1.679,0.9943,1.5385,0.0,0.9386517861844336,0.9851,1.9077,1.0,7.987,23.7,22.7,0.484,,"criteria_provided,_multiple_submitters,_no_conflicts",Pathogenic,"Human_Phenotype_Ontology:HP:0004439,MONDO:MONDO:0007405,MeSH:D003394,MedGen:C0010273,OMIM:123500,Orphanet:ORPHA207,SNOMED_CT:28861008|MONDO:MONDO:0007041,MedGen:C0001193,OMIM:101200,Orphanet:ORPHA87,SNOMED_CT:205258009|MONDO:MONDO:0007043,MedGen:C0220658,OMIM:101600,Orphanet:ORPHA710|MedGen:CN231480",intronic,True,Pathogenic
10_123276832_1335051_A,10,123276832,C,A,1335051,snp,tv,CS113616&COSV60661796,ENST00000457416.2:c.1087+1364G>T,FGFR2,intron_variant,0.9887,0.98,1.0,0.9948,4.9957,5.67,10.27570314,0.79,0.977,1.2748196763395294,0.978,0.982,19.7848,0.94,1.857,3.182,0.996,1.5385,0.0,0.9935724596696976,0.9916,5.2863,1.0,7.766,29.7,23.5,0.9939,,"criteria_provided,_single_submitter",Likely_pathogenic,MedGen:CN517202,intronic,True,Pathogenic
10_123276978_1322899_A,10,123276978,C,A,1322899,snp,tv,CS971737&CS991399,ENST00000457416.2:c.1087+1218G>T,FGFR2,intron_variant,0.9839,1.0,1.0,0.9944,5.1338,5.86,,0.85,0.99,1.605320848999594,1.0,0.981,20.1865,0.99,1.637,3.185,0.9972,1.5385,0.0,0.9848658944568338,0.9924,2.9687,1.0,7.766,26.2,23.5,0.9945,,"criteria_provided,_single_submitter",Pathogenic,MedGen:CN231480|MedGen:CN517202,intronic,True,Pathogenic
10_123276978_13291_T,10,123276978,C,T,13291,snp,ts,rs879253719&CS971737&CS991399,ENST00000457416.2:c.1087+1218G>A,FGFR2,intron_variant,0.9813,1.0,1.0,0.9943,5.1338,5.86,,0.85,0.99,1.6471537358850128,0.984,0.988,20.1865,0.99,1.5550000000000002,3.233,0.9971,1.5385,0.0,0.9862798936931612,0.9924,2.8405,1.0,7.766,27.1,23.6,0.9929,,"criteria_provided,_single_submitter",Pathogenic,"MONDO:MONDO:0007043,MedGen:C0220658,OMIM:101600,Orphanet:ORPHA710|MedGen:CN231480",intronic,True,Pathogenic
10_123276979_374814_C,10,123276979,T,C,374814,snp,ts,rs1057519041&CS951415&CS991398&COSV60651078,ENST00000457416.2:c.1087+1217A>G,FGFR2,intron_variant,0.9935,1.0,1.0,0.9944,4.6946,5.86,,0.85,0.99,1.2726475618461048,1.0,0.987,16.255,0.99,1.569,3.125,0.9961,1.5385,0.0,0.9741375877824044,0.9858,3.3427,1.0,7.987,26.4,23.4,0.9283,,"criteria_provided,_multiple_submitters,_no_conflicts",Pathogenic,"MONDO:MONDO:0007043,MedGen:C0220658,OMIM:101600,Orphanet:ORPHA710|MedGen:CN231480|MedGen:CN517202",intronic,True,Pathogenic
11_2482945_1027906_A,11,2482945,G,A,1027906,snp,ts,rs1490391959,ENST00000155840.5:c.386+16231G>A,KCNQ1,intron_variant,0.0003,0.3,0.835,0.4718,0.7782,0.293,7.0945068,0.39,0.609,0.013804054251298591,1.0,0.48,3.3639,0.39,1.7930000000000001,,0.081,0.8588,3.186300091329031e-05,0.9888241473084388,0.0557,3.483187761108276,,0.653,13.57,2.197,0.0,,"criteria_provided,_single_submitter",Likely_pathogenic,"MONDO:MONDO:0100316,MedGen:C4551647,OMIM:192500",intronic,True,Pathogenic
11_2482956_178384_A,11,2482956,G,A,178384,snp,ts,rs116103203,ENST00000155840.5:c.386+16242G>A,KCNQ1,intron_variant,0.0002,0.05,0.005,0.621,4.8504,1.05,0.5880386,0.05,0.687,0.0,0.0,0.0086,2.6522,0.03,0.065,,0.0722,1.8388,0.0017522999551147223,0.43983959725758587,0.0581,0.196302276278104,,0.148,2.272,1.266,,,"criteria_provided,_multiple_submitters,_no_conflicts",Benign,MedGen:CN169374|MedGen:CN517202,intronic,False,Benign
11_4109650_1281339_A,11,4109650,C,A,1281339,snp,tv,rs11030907,ENST00000300737.4:c.1541+1877C>A,STIM1,intron_variant,0.0,0.0,0.0,0.7739,4.8504,1.54,,0.0,0.813,,0.0,0.0084,2.8942,0.0,0.155,0.653,0.5896,0.1795,0.42340001463890076,,0.2409,,0.786,0.157,14.4,13.98,,,"criteria_provided,_single_submitter",Benign,MedGen:CN517202,intronic,False,Benign
11_4109709_1279803_T,11,4109709,A,T,1279803,snp,tv,rs10835604,ENST00000300737.4:c.1541+1936A>T,STIM1,intron_variant,0.0001,0.0,0.0,0.7975,4.8504,1.0,,0.0,0.289,,0.004,0.0084,7.4968,0.0,0.064,1.267,0.3188,0.1795,0.2858999967575073,,0.2244,,0.002,0.456,9.961,9.775,,,"criteria_provided,_single_submitter",Benign,MedGen:CN517202,intronic,False,Benign
11_17539025_166387_T,11,17539025,C,T,166387,snp,ts,rs199972595,ENST00000005226.7:c.1211-1188G>A,USH1C,intron_variant,0.0002,0.05,0.155,0.7528,4.8504,2.82,0.14153107,0.13,0.872,1.858870967742,0.062,0.017,7.2608,0.09,0.144,1.045,0.9157,1.0224,3.1856998248258606e-05,0.08103341240771512,0.304,0.3553,1.0,4.194,15.43,14.64,0.008,,"criteria_provided,_multiple_submitters,_no_conflicts",Likely_benign,MedGen:CN169374|MedGen:CN517202,intronic,False,Benign
11_17539086_1244971_A,11,17539086,G,A,1244971,snp,ts,rs116225056,ENST00000005226.7:c.1211-1249C>T,USH1C,intron_variant,0.0002,0.01,0.046,0.3798,4.8504,2.77,,0.02,0.514,,0.0,0.013,5.9695,0.01,0.031,0.559,0.2143,0.867,0.021700000390410423,0.05030007237953246,0.0702,0.032,,0.139,5.147,5.171,,,"criteria_provided,_single_submitter",Benign,MedGen:CN517202,intronic,False,Benign
11_17539212_1234872_C,11,17539212,T,C,1234872,snp,ts,rs10766408,ENST00000005226.7:c.1211-1375A>G,USH1C,intron_variant,0.0005,0.0,0.0,0.6872,4.8504,3.4,,0.0,0.077,,0.0,0.0084,6.966,0.0,0.262,1.457,0.0621,1.0224,0.6150000095367432,,0.0498,,0.008,0.133,6.774,6.792,,,"criteria_provided,_single_submitter",Benign,MedGen:CN517202,intronic,False,Benign
11_27681388_1287949_T,11,27681388,C,T,1287949,snp,ts,rs11819808,ENST00000438929.1:c.226-1256G>A,BDNF,intron_variant,0.0001,0.0,,0.5837,4.8504,0.3,,0.02,0.124,,0.012,0.017,4.5307,,0.05,,0.2195,0.5001,0.07339999824762344,,0.2461,0.019185206711332402,0.196,0.369,11.48,13.54,,,"criteria_provided,_single_submitter",Benign,MedGen:CN517202,intronic,False,Benign
11_32451920_1265146_G,11,32451920,T,G,1265146,snp,tv,rs66798575,ENST00000332351.3:c.647-1755A>C,WT1,intron_variant,0.0,0.01,0.0,0.491,4.8504,6.77,,0.01,0.014,,0.0,0.0085,6.7151,0.0,0.014,,0.0778,0.6421,0.5005999803543091,,0.1294,,,0.742,2.206,1.891,,,"criteria_provided,_single_submitter",Benign,MedGen:CN517202,intronic,False,Benign
11_32451921_1279947_C,11,32451921,G,C,1279947,snp,tv,rs72893517&COSV60070171,ENST00000332351.3:c.647-1756C>G,WT1,intron_variant,0.0,0.0,0.0,0.4203,4.8504,7.28,,0.03,0.624,,0.0,0.0073,9.1108,0.0,0.0,,0.1089,0.6421,0.29330000281333923,,0.1294,,,1.395,0.803,0.686,,,"criteria_provided,_single_submitter",Benign,MedGen:CN517202,intronic,False,Benign
11_32451950_1255107_C,11,32451950,A,C,1255107,snp,tv,rs11031778,ENST00000332351.3:c.647-1785T>G,WT1,intron_variant,0.0,0.01,0.016,0.4039,4.8504,3.95,,0.03,0.008,,0.0,0.007,4.8023,0.01,0.039,,0.076,0.6421,0.19760000705718994,,0.0511,,,0.119,0.253,0.224,,,"criteria_provided,_single_submitter",Benign,MedGen:CN517202,intronic,False,Benign
11_61522959_1246473_T,11,61522959,G,T,1246473,snp,tv,rs2286008,ENST00000278836.5:c.46+2697G>T,MYRF,intron_variant,0.0002,0.02,0.107,0.6746,4.8504,3.25,0.66840286,0.03,0.774,0.0,0.0,0.007,9.6017,0.01,1.3820000000000001,,0.2345,0.6343,0.017098000273108482,0.42814054688655495,0.0531,0.19152472924784092,,0.343,5.921,6.067,,,"criteria_provided,_single_submitter",Benign,MedGen:CN517202,intronic,False,Benign
11_61719070_1257889_C,11,61719070,T,C,1257889,snp,ts,rs11825719,ENST00000449131.2:c.-29+1171T>C,BEST1,intron_variant,0.0005,0.0,0.0,0.7187,4.8504,3.11,,0.0,0.835,,0.0,0.0073,8.0401,0.0,0.054,1.178,0.2571,1.1229,0.0215000007301569,,0.0634,,0.004,0.644,9.046,8.996,,,"criteria_provided,_single_submitter",Benign,MedGen:CN517202,5primeUTR,False,Benign
11_85689435_1252751_C,11,85689435,T,C,1252751,snp,ts,rs618629,ENST00000393346.3:c.1780-1710A>G,PICALM,intron_variant,0.0001,0.01,0.003,0.5373,4.8504,0.685,,0.02,0.032,,0.0,0.0085,4.0638,0.0,0.15,1.457,0.1339,0.4981,0.8192999958992004,,0.0476,0.025337729865976343,,0.816,4.056,4.313,,,"criteria_provided,_single_submitter",Benign,MedGen:CN517202,intronic,False,Benign
11_88059683_1287142_A,11,88059683,G,A,1287142,snp,ts,rs217060,ENST00000227266.5:c.318+8422C>T,CTSC,intron_variant,0.0,0.01,0.0,0.1356,4.8504,1.47,,0.02,0.01,,0.012,0.01,6.3144,0.0,0.137,,0.1462,0.1795,0.7746000289916992,,0.1448,0.0087,,0.49,1.04,1.079,,,"criteria_provided,_single_submitter",Benign,MedGen:CN517202,intronic,False,Benign
11_88059740_1271931_T,11,88059740,A,T,1271931,snp,tv,rs382733,ENST00000227266.5:c.318+8365T>A,CTSC,intron_variant,0.0,0.01,0.0,0.7644,4.8504,1.27,,0.0,0.038,,0.0,0.0084,3.3421,0.0,0.038,,0.1575,0.3349,0.7753999829292297,,0.1448,,0.401,0.205,2.88,3.159,,,"criteria_provided,_single_submitter",Benign,MedGen:CN517202,intronic,False,Benign
11_88059881_1275419_A,11,88059881,T,A,1275419,snp,tv,rs409851,ENST00000227266.5:c.318+8224A>T,CTSC,intron_variant,0.0,0.0,0.0,0.4197,4.8504,4.61,,0.0,0.016,,0.004,0.0084,1.2554,0.0,0.023,,0.1627,0.1795,0.7746999859809875,,0.201,,,0.062,1.5,1.388,,,"criteria_provided,_single_submitter",Benign,MedGen:CN517202,intronic,False,Benign
11_88061405_1174331_C,11,88061405,A,C,1174331,snp,tv,rs580743&COSV57058699,ENST00000227266.5:c.318+6700T>G,CTSC,intron_variant,0.0001,0.01,0.118,0.4483,4.8504,4.98,,0.03,0.013,0.0,0.0,0.0085,4.2912,0.02,0.081,1.542,0.2047,1.3031,0.4357999861240387,0.047707291789185834,0.1674,0.091,,1.118,0.319,0.273,,,"criteria_provided,_single_submitter",Benign,MedGen:CN517202,intronic,False,Benign
11_88061656_1260587_G,11,88061656,A,G,1260587,snp,ts,rs56005632,ENST00000227266.5:c.318+6449T>C,CTSC,intron_variant,0.0001,0.02,0.0,0.4866,4.8504,1.52,,0.01,0.611,,0.0,0.0084,5.2114,0.0,0.099,1.72,0.2287,0.3349,0.06080000102519989,,0.0998,,,0.013,5.765,6.032,,,"criteria_provided,_single_submitter",Benign,MedGen:CN517202,intronic,False,Benign
11_111964039_1252975_C,11,111964039,T,C,1252975,snp,ts,rs10749989,ENST00000375549.3:c.315-1490T>C,SDHD,intron_variant,0.0001,0.0,0.0,0.3173,4.8504,0.149,,0.0,0.001,,0.0,0.0085,,0.0,0.052,1.357,0.0307,0.201,0.43869999051094055,,0.085,,0.003,0.982,3.267,3.32,,,"criteria_provided,_single_submitter",Benign,MedGen:CN517202,intronic,False,Benign
11_111964127_679732_G,11,111964127,C,G,679732,snp,tv,rs370667125,ENST00000375549.3:c.315-1402C>G,SDHD,intron_variant,0.0001,0.0,0.0,0.6101,4.8504,0.939,,0.0,0.635,,0.0,0.0071,5.1957,0.0,0.102,1.339,0.1399,0.3564,0.04309999942779541,,0.051,,0.038,0.988,3.366,3.476,,,"criteria_provided,_single_submitter",Benign,MedGen:CN517202,intronic,False,Benign
11_128634760_1295043_T,11,128634760,C,T,1295043,snp,ts,rs74400777&COSV55643402,ENST00000527786.2:c.231-3253C>T,FLI1,intron_variant,0.0007,0.04,0.086,0.8408,4.8504,1.67,0.11127583,0.02,0.743,0.0,0.024,0.0095,4.4843,0.04,0.211,0.655,0.1712,1.4625,0.13979999721050262,0.36757437942220694,0.0776,0.0643,0.027,0.245,6.804,6.064,,,"criteria_provided,_single_submitter",Benign,MedGen:CN517202,intronic,False,Benign
12_974022_1264534_G,12,974022,A,G,1264534,snp,ts,rs77978721&COSV104411047,ENST00000315939.6:c.2139+2586A>G,WNK1,intron_variant,0.0002,0.01,0.0,0.6642,4.8958,1.18,,0.0,0.029,,0.0,0.0094,5.219,0.0,0.053,1.276,0.1708,0.7673,0.07450000196695328,,0.1669,,,0.177,4.054,4.097,,,"criteria_provided,_single_submitter",Benign,MedGen:CN517202,intronic,False,Benign
12_974075_1233795_T,12,974075,C,T,1233795,snp,ts,rs16931963&COSV104411123,ENST00000315939.6:c.2139+2639C>T,WNK1,intron_variant,0.0,0.01,0.0,0.3445,1.8513,8.56,,0.0,0.002,,0.0,0.01,1.2401,0.0,0.073,0.754,0.0788,0.7673,0.029200000688433647,,0.1313,,,0.248,0.141,0.144,,,"criteria_provided,_single_submitter",Benign,MedGen:CN517202,intronic,False,Benign
12_974787_1224958_T,12,974787,C,T,1224958,snp,ts,rs72649852,ENST00000315939.6:c.2139+3351C>T,WNK1,intron_variant,0.0,0.01,0.0,0.651,7.9071,3.09,,0.0,0.059,,0.0,0.01,3.6295,0.0,0.008,0.364,0.0877,1.3901,0.02979999966919422,,0.1211,0.03251338130107224,0.007,0.023,7.285,7.232,,,"criteria_provided,_single_submitter",Benign,MedGen:CN517202,intronic,False,Benign
12_45686980_1253693_C,12,45686980,A,C,1253693,snp,tv,rs7307262,ENST00000423947.3:c.134-8817A>C,ANO6,intron_variant,0.0006,0.0,0.0,0.9372,4.8504,0.392,,0.01,0.638,,0.0,0.007,2.906,0.0,0.04,,0.0903,0.3349,0.8557999730110168,,0.0547,,0.007,0.978,9.983,10.74,,,"criteria_provided,_single_submitter",Benign,MedGen:CN517202,intronic,False,Benign
12_48293605_308889_G,12,48293605,C,G,308889,snp,tv,rs11168292,ENST00000550325.1:c.67+4742G>C,VDR,intron_variant,0.0001,0.02,0.0,0.4092,4.8504,1.83,0.07851755,0.0,0.012,,0.0,0.0073,4.923,0.0,0.134,0.424,0.0892,0.783,0.2815000116825104,0.3825513290573378,0.0482,0.0741,,0.408,0.436,0.453,,,"criteria_provided,_multiple_submitters,_no_conflicts",Benign,"MONDO:MONDO:0010186,MedGen:C0342646,OMIM:277440,SNOMED_CT:237894002|MedGen:CN169374",intronic,False,Benign
12_51169108_1259273_G,12,51169108,T,G,1259273,snp,tv,rs7959129,ENST00000262053.3:c.-6-4815T>G,ATF1,intron_variant,0.0016,0.01,0.0,0.9258,4.8504,0.0129,,0.0,0.226,,0.0,0.015,3.3333,0.0,0.078,,0.1415,1.3145,0.8458999991416931,,0.0644,,0.569,0.118,10.11,9.886,,,"criteria_provided,_single_submitter",Benign,MedGen:CN517202,5primeUTR,False,Benign
12_52348259_1287358_G,12,52348259,A,G,1287358,snp,ts,rs7962469,ENST00000541224.1:c.91+2641A>G,ACVR1B,intron_variant,0.0,0.0,0.0,0.6316,4.8504,5.84,,0.0,0.757,,0.0,0.007,4.8144,0.0,0.006,,0.1805,1.0245,0.5400000214576721,,0.2164,,,1.373,9.039,9.745,,,"criteria_provided,_single_submitter",Benign,MedGen:CN517202,intronic,False,Benign
12_98939120_1293938_C,12,98939120,T,C,1293938,snp,ts,rs2068060,ENST00000393053.2:c.664-1017T>C,TMPO,intron_variant,0.0,0.0,,0.7367,4.8504,0.229,,0.0,0.606,,0.0,0.0084,0.9334,,0.094,1.227,0.1829,0.3837,0.09589999914169312,,0.0683,,,0.018,8.593,8.592,,,"criteria_provided,_single_submitter",Benign,MedGen:CN517202,intronic,False,Benign
12_102020446_1179982_C,12,102020446,T,C,1179982,snp,ts,rs10860757,ENST00000452455.2:c.104-2766T>C,MYBPC1,intron_variant,0.0002,0.0,0.0,0.711,4.8504,1.36,,0.01,0.508,,0.0,0.0075,4.4651,0.0,0.055,0.892,0.18,0.1562,0.17319999635219574,,0.0391,,,0.125,6.182,6.188,,,"criteria_provided,_single_submitter",Benign,MedGen:CN517202,intronic,False,Benign
12_102020488_1272222_T,12,102020488,A,T,1272222,snp,tv,rs825073,ENST00000452455.2:c.104-2724A>T,MYBPC1,intron_variant,0.0004,0.01,0.0,0.3605,4.8504,2.53,,0.0,0.008,,0.0,0.0087,3.5051,0.0,0.01,1.457,0.1055,0.1562,0.47870001196861267,,0.0391,,,0.045,4.393,4.383,,,"criteria_provided,_single_submitter",Benign,MedGen:CN517202,intronic,False,Benign
12_102020640_884160_A,12,102020640,C,A,884160,snp,tv,rs373075518,ENST00000452455.2:c.104-2572C>A,MYBPC1,intron_variant,0.0478,0.2,0.38,0.8445,4.8504,4.43,0.62057823,0.11,0.949,1.91935483871,0.196,0.01,12.8459,0.26,1.486,2.814,0.9785,1.7591,3.18689999403432e-05,0.13632599523291125,0.8536,0.3233,1.0,1.159,22.9,21.5,0.542,,"criteria_provided,_single_submitter",Benign,"MONDO:MONDO:0013698,MedGen:C3280526,OMIM:614335",intronic,False,Benign
12_102021589_306718_A,12,102021589,G,A,306718,snp,ts,rs376040468&COSV62255138,ENST00000452455.2:c.104-1623G>A,MYBPC1,intron_variant,0.0,0.05,0.337,0.7798,4.8504,8.66,0.04759374,0.03,0.137,1.6129032258059999,0.002,0.0073,5.9199,0.05,0.0,2.383,0.1076,0.1562,6.371000199578702e-05,0.447949898543848,0.3241,0.2981,,1.395,9.383,8.726,0.008,,"criteria_provided,_single_submitter",Benign,"MONDO:MONDO:0013698,MedGen:C3280526,OMIM:614335",intronic,False,Benign
12_102078205_306750_G,12,102078205,A,G,306750,snp,ts,rs2303628,ENST00000452455.2:c.3472-1155A>G,MYBPC1,intron_variant,0.0052,0.48,0.98,0.9626,4.8504,5.94,1.60377361,0.4,0.992,0.0,0.016,0.9,16.4075,0.48,1.6360000000000001,2.564,0.9771,0.9344,0.002898799953982234,0.5344211347908859,0.9687,0.8397,1.0,8.732,23.8,21.6,0.06,,"criteria_provided,_multiple_submitters,_no_conflicts",Benign,"MONDO:MONDO:0013698,MedGen:C3280526,OMIM:614335|MedGen:CN517202",intronic,False,Benign
14_51194470_930474_T,14,51194470,C,T,930474,snp,ts,rs1310109020,ENST00000382041.3:c.6079-1686G>A,NIN,intron_variant,0.2767,0.51,0.994,0.9941,4.2198,4.18,,0.71,0.989,1.06416137987113,0.972,0.969,16.7658,0.86,1.476,,0.9899,1.0225,0.0,0.9990230662704076,0.9718,3.3292,1.0,6.57,26.7,23.7,0.9905,,"criteria_provided,_single_submitter",Likely_pathogenic,"MONDO:MONDO:0013922,MedGen:C3553870,OMIM:614851,Orphanet:ORPHA319675",intronic,True,Pathogenic
14_68944073_1245734_G,14,68944073,A,G,1245734,snp,ts,rs2842320,ENST00000487270.1:c.1036+9106A>G,RAD51B,intron_variant,0.0,0.0,0.0,0.628,4.8504,0.445,,0.0,0.733,,0.0,0.0084,3.2274,0.0,0.06,,0.1939,0.1669,0.1362999975681305,,0.0505,,0.022,0.106,5.315,5.254,,,"criteria_provided,_single_submitter",Benign,MedGen:CN517202,intronic,False,Benign
14_68944147_1244539_G,14,68944147,T,G,1244539,snp,tv,rs2074565&COSV66855777,ENST00000487270.1:c.1036+9180T>G,RAD51B,intron_variant,0.0,0.0,0.0,0.5454,4.8504,9.07,,0.01,0.131,,0.002,0.0084,7.1417,0.0,0.095,,0.1149,0.1669,0.44999998807907104,,0.0511,,,0.546,0.219,0.276,,,"criteria_provided,_single_submitter",Benign,MedGen:CN517202,intronic,False,Benign
14_68944245_1183158_C,14,68944245,T,C,1183158,snp,ts,rs5004090&COSV66855779,ENST00000487270.1:c.1036+9278T>C,RAD51B,intron_variant,0.0001,0.0,0.0,0.3542,4.8504,3.36,,0.01,0.116,,0.0,0.01,0.8752,0.0,0.078,,0.1674,0.1669,0.45019999146461487,,0.0552,,,1.198,1.157,1.381,,,"criteria_provided,_single_submitter",Benign,MedGen:CN517202,intronic,False,Benign
14_76524793_1234630_T,14,76524793,G,T,1234630,snp,tv,rs79916084,ENST00000238628.6:c.216-18147G>T,IFT43,intron_variant,0.0001,0.03,0.0,0.5118,4.8504,5.25,,0.02,0.0,,0.0,0.0085,1.9375,0.0,0.023,1.413,0.0753,0.0115,0.023000000044703484,,0.0555,0.0357,,0.321,0.133,0.113,,,"criteria_provided,_single_submitter",Benign,MedGen:CN517202,intronic,False,Benign
15_31373243_1238602_T,15,31373243,C,T,1238602,snp,ts,rs80260593,ENST00000542188.1:c.55-4056G>A,TRPM1,intron_variant,0.0005,0.01,,0.6791,9.7579,1.16,,0.0,0.815,,0.0,0.0088,6.4061,0.0,0.108,,0.1752,0.1669,0.06210000067949295,,0.0532,,,0.251,6.582,6.308,,,"criteria_provided,_single_submitter",Benign,MedGen:CN517202,intronic,False,Benign
15_31373518_1293530_G,15,31373518,A,G,1293530,snp,ts,rs1383982315&COSV56637863,ENST00000542188.1:c.55-4331T>C,TRPM1,intron_variant,0.0002,0.0,,0.0459,0.0289,0.47,0.47147414,0.01,0.135,0.0,0.0,0.007,,0.0,0.034,1.211,0.0663,0.0115,0.08399999886751175,0.5529519309256713,0.0676,0.3235026019953896,,0.231,0.078,0.116,,,"criteria_provided,_single_submitter",Benign,MedGen:CN517202,intronic,False,Benign
15_31373727_1247294_C,15,31373727,T,C,1247294,snp,ts,rs4779504,ENST00000542188.1:c.55-4540A>G,TRPM1,intron_variant,0.0002,0.01,,0.7269,1.7437,3.2,,0.01,0.724,,0.002,0.0063,3.2698,0.0,0.053,1.202,0.0924,0.1669,0.5023999810218811,,0.0542,0.030660271320895924,,0.296,2.833,2.168,,,"criteria_provided,_single_submitter",Benign,MedGen:CN517202,intronic,False,Benign
15_63357852_678158_G,15,63357852,T,G,678158,snp,tv,rs28583444,ENST00000358278.3:c.772+3008T>G,TPM1,intron_variant,0.0001,0.01,0.217,0.1377,0.0244,,,0.0,0.009,,0.0,0.0095,4.2334,0.0,0.12,,0.1165,0.8468,0.8100000023841858,,0.0569,,0.001,1.96,2.668,2.394,,,"criteria_provided,_single_submitter",Benign,MedGen:CN517202,intronic,False,Benign
15_67001327_1280285_A,15,67001327,G,A,1280285,snp,ts,rs12915166,ENST00000288840.5:c.818-2679G>A,SMAD6,intron_variant,0.0002,0.0,0.0,0.2193,1.9117,0.464,,0.0,0.012,,0.0,0.0072,3.5729,0.0,0.047,,0.1433,1.3918,0.42559999227523804,,0.0515,,,0.308,1.964,2.007,,,"criteria_provided,_single_submitter",Benign,MedGen:CN517202,intronic,False,Benign
15_88523033_1229466_T,15,88523033,G,T,1229466,snp,tv,rs4887202,ENST00000360948.2:c.1586-39049C>A,NTRK3,intron_variant,0.0003,0.0,0.0,0.68,4.9211,0.111,,0.0,0.04,,0.0,0.012,4.7883,0.0,0.048,,0.15,0.8419,0.5950000286102295,,0.0463,,,0.123,1.565,1.572,,,"criteria_provided,_single_submitter",Benign,MedGen:CN517202,intronic,False,Benign
15_88523035_1251663_T,15,88523035,C,T,1251663,snp,ts,rs4887341,ENST00000360948.2:c.1586-39051G>A,NTRK3,intron_variant,0.0005,0.0,0.0,0.6897,0.3549,7.03,,0.0,0.004,,0.0,0.0085,5.3317,0.0,0.081,,0.066,0.8419,0.595300018787384,,0.0463,,,2.956,0.102,0.101,,,"criteria_provided,_single_submitter",Benign,MedGen:CN517202,intronic,False,Benign
15_88524788_1295982_G,15,88524788,A,G,1295982,snp,ts,rs16941097,ENST00000360948.2:c.1586-40804T>C,NTRK3,intron_variant,0.0009,0.02,0.0,0.7344,7.0899,2.4,,0.01,0.644,,0.002,0.011,5.4348,0.0,0.027,1.199,0.2083,1.4647,0.2264000028371811,,0.0463,,,0.323,6.311,6.324,,,"criteria_provided,_single_submitter",Benign,MedGen:CN517202,intronic,False,Benign
16_6533549_803210_A,16,6533549,C,A,803210,snp,tv,rs7187508,ENST00000550418.1:c.-64+166491C>A,RBFOX1,intron_variant,0.0001,0.1,,0.7422,16.1288,3.88,1.63595531,0.11,0.616,0.0,0.002,0.329,5.4359,,1.815,,0.8934,1.8875,0.6182000041007996,0.2600463916073971,0.1993,0.5051,1.0,2.141,13.66,13.26,0.008,,"criteria_provided,_single_submitter",Benign,"MONDO:MONDO:0005579,MedGen:C0270850,OMIM:600669,OMIM:PS600669,SNOMED_CT:36803009",5primeUTR,False,Benign
16_11645729_677270_T,16,11645729,C,T,677270,snp,ts,rs11859393,ENST00000571688.1:c.377+1660G>A,LITAF,intron_variant,0.0,0.01,0.01,0.5694,2.9638,1.94,,0.01,0.004,,0.002,0.0085,3.8702,0.0,0.027,0.784,0.0518,0.8281,0.04390000179409981,0.05023267675576343,0.0482,0.0197,0.076,0.72,4.729,5.184,,,"criteria_provided,_single_submitter",Benign,MedGen:CN517202,intronic,False,Benign
16_11645832_1222161_A,16,11645832,G,A,1222161,snp,ts,rs9923564,ENST00000571688.1:c.377+1557C>T,LITAF,intron_variant,0.0,0.01,0.002,0.1706,0.0028,4.58,,0.01,0.001,,0.0,0.01,7.2752,0.0,0.048,1.429,0.0331,0.2219,0.08030000329017639,,0.0658,,,3.299,0.016,0.012,,,"criteria_provided,_single_submitter",Benign,MedGen:CN517202,intronic,False,Benign
16_11645934_684093_C,16,11645934,T,C,684093,snp,ts,rs11865386,ENST00000571688.1:c.377+1455A>G,LITAF,intron_variant,0.0,0.01,0.001,0.7782,2.5544,0.0871,,0.0,0.018,,0.0,0.0084,6.6814,0.0,0.084,1.077,0.1342,0.3773,0.024399999529123306,,0.0539,,,0.385,2.18,2.259,,,"criteria_provided,_single_submitter",Benign,MedGen:CN517202,intronic,False,Benign
16_55515415_1257720_C,16,55515415,A,C,1257720,snp,tv,rs837547,ENST00000219070.4:c.154-1406A>C,MMP2,intron_variant,0.0001,0.0,0.02,0.2119,0.1874,0.158,,0.02,0.047,,0.0,0.0072,,0.04,0.126,,0.0566,0.7727,0.7817999720573425,,0.054,,0.006,0.941,4.15,4.24,,,"criteria_provided,_single_submitter",Benign,MedGen:CN517202,intronic,False,Benign
16_75285367_981833_G,16,75285367,A,G,981833,snp,ts,,ENST00000418647.3:c.151-8379T>C,BCAR1,intron_variant,0.0329,0.72,0.983,0.9445,2.511,2.94,6.59655236,0.52,0.987,1.0393778353880903,0.996,0.936,7.0309,0.98,1.814,,0.936,2.5345,0.0,0.9783855674275935,0.3004,1.306,0.888,1.319,20.8,22.2,0.616,,"criteria_provided,_single_submitter",Likely_pathogenic,"MONDO:MONDO:0003582,MeSH:D061325,MedGen:C0677776,OMIM:PS604370,Orphanet:ORPHA145",intronic,True,Pathogenic
17_29320775_1264357_T,17,29320775,A,T,1264357,snp,tv,rs6505224,ENST00000328381.5:c.680-3485A>T,RNF135,intron_variant,0.0002,0.01,0.0,0.0798,0.0506,0.317,,0.0,0.004,,0.0,0.01,,0.0,0.126,0.553,0.0456,0.1739,0.19709999859333038,,0.0802,0.0008,0.008,2.075,0.14,0.149,,,"criteria_provided,_single_submitter",Benign,MedGen:CN517202,intronic,False,Benign
17_33445549_183785_A,17,33445549,G,A,183785,snp,ts,rs9901455&COSV99338663,ENST00000593039.1:c.3+2761C>T,RAD51L3-RFFL,intron_variant,0.0112,0.04,,0.8395,19.7802,3.8,0.38946953,0.0,0.987,0.0,0.038,0.0074,11.9767,0.01,0.102,1.919,0.9183,,0.1615000069141388,0.3709228784541908,,0.0467,1.0,1.653,17.8,20.6,,,"criteria_provided,_multiple_submitters,_no_conflicts",Benign,"MONDO:MONDO:0013669,MedGen:C3280345,OMIM:614291|MONDO:MONDO:0015356,MeSH:D009386,MedGen:C0027672,Orphanet:ORPHA140162,SNOMED_CT:699346009|MedGen:CN169374|MedGen:CN517202",intronic,False,Benign
17_33445567_138874_A,17,33445567,G,A,138874,snp,ts,rs148690585,ENST00000593039.1:c.3+2743C>T,RAD51L3-RFFL,intron_variant,0.0013,0.15,,0.85,16.5566,1.33,0.89553014,0.02,0.606,1.701754385965,0.344,0.0089,6.3057,0.13,0.168,1.299,0.8888,,0.00035079001099802554,0.4238512159537855,,0.3006,0.964,0.054,15.92,17.1,,,"criteria_provided,_multiple_submitters,_no_conflicts",Benign/Likely_benign,"MONDO:MONDO:0007254,MedGen:C0006142,SNOMED_CT:254837009|MONDO:MONDO:0013669,MedGen:C3280345,OMIM:614291|MONDO:MONDO:0015356,MeSH:D009386,MedGen:C0027672,Orphanet:ORPHA140162,SNOMED_CT:699346009|MedGen:CN169374",intronic,False,Benign
17_33445570_820790_C,17,33445570,G,C,820790,snp,tv,rs745546403,ENST00000593039.1:c.3+2740C>G,RAD51L3-RFFL,intron_variant,0.0046,0.05,,0.7389,18.2106,2.75,0.04084324,0.02,0.971,1.859649122807,0.054,0.0087,12.3002,0.05,0.246,1.806,0.9161,,0.0,0.38503610863455584,,0.2099,0.997,0.172,16.7,18.5,,,"criteria_provided,_multiple_submitters,_no_conflicts",Likely_benign,"MONDO:MONDO:0015356,MeSH:D009386,MedGen:C0027672,Orphanet:ORPHA140162,SNOMED_CT:699346009",intronic,False,Benign
17_33445579_187475_A,17,33445579,G,A,187475,snp,ts,rs764351040&COSV50100496,ENST00000593039.1:c.3+2731C>T,RAD51L3-RFFL,intron_variant,0.0006,0.06,,0.8344,14.9149,3.92,0.2122684,0.01,0.618,1.719298245614,0.21,0.0089,6.9794,0.0,0.28,2.184,0.8737,,0.0,0.3954067951987203,,0.0892,0.656,0.392,14.82,15.78,,,"criteria_provided,_multiple_submitters,_no_conflicts",Likely_benign,"MONDO:MONDO:0013669,MedGen:C3280345,OMIM:614291|MONDO:MONDO:0015356,MeSH:D009386,MedGen:C0027672,Orphanet:ORPHA140162,SNOMED_CT:699346009",intronic,False,Benign
17_33445605_484784_A,17,33445605,G,A,484784,snp,ts,rs1555570285,ENST00000593039.1:c.3+2705C>T,RAD51L3-RFFL,intron_variant,0.9641,0.52,,0.998,3.5387,4.79,,0.19,0.991,,0.114,0.026,14.6952,0.2,1.391,3.504,0.9576,,0.0,,,0.2245,1.0,8.022,19.51,22.3,,,"criteria_provided,_single_submitter",Pathogenic,"MONDO:MONDO:0015356,MeSH:D009386,MedGen:C0027672,Orphanet:ORPHA140162,SNOMED_CT:699346009|MedGen:CN221562",intronic,True,Pathogenic
17_33445606_628162_G,17,33445606,A,G,628162,snp,ts,rs1567735421,ENST00000593039.1:c.3+2704T>C,RAD51L3-RFFL,intron_variant,0.0022,0.06,,0.6826,16.6973,1.45,,0.02,0.896,1.614035087719,0.036,0.0073,6.4509,0.03,0.11,1.107,0.8894,,0.0,,,0.069,0.97,0.078,16.48,17.73,,,"criteria_provided,_multiple_submitters,_no_conflicts",Likely_benign,"MONDO:MONDO:0013669,MedGen:C3280345,OMIM:614291|MONDO:MONDO:0015356,MeSH:D009386,MedGen:C0027672,Orphanet:ORPHA140162,SNOMED_CT:699346009",intronic,False,Benign
17_33445620_232662_T,17,33445620,G,T,232662,snp,tv,rs775268017&CM1612942&COSV50102776,ENST00000593039.1:c.3+2690C>A,RAD51L3-RFFL,intron_variant,0.0046,0.05,,0.8086,19.3721,1.09,,0.01,0.961,1.473684210526,0.294,0.011,11.8962,0.02,0.175,2.074,0.9202,,0.0,,,0.0903,1.0,3.944,16.68,18.38,,,"criteria_provided,_multiple_submitters,_no_conflicts",Likely_benign,"MONDO:MONDO:0013669,MedGen:C3280345,OMIM:614291|MONDO:MONDO:0015356,MeSH:D009386,MedGen:C0027672,Orphanet:ORPHA140162,SNOMED_CT:699346009",intronic,False,Benign
17_33446549_827501_C,17,33446549,A,C,827501,snp,tv,rs1597878498,ENST00000593039.1:c.3+1761T>G,RAD51L3-RFFL,intron_variant,0.9722,0.77,,0.9928,12.8061,4.32,7.28207189,0.72,0.991,1.4861726276484744,1.0,0.563,10.0343,0.76,1.863,,0.9804,1.4316,0.0,0.9864105869502997,0.8567,3.3251,1.0,5.553,34.0,34.0,1.0,,"criteria_provided,_multiple_submitters,_no_conflicts",Likely_pathogenic,"MONDO:MONDO:0013669,MedGen:C3280345,OMIM:614291|MONDO:MONDO:0015356,MeSH:D009386,MedGen:C0027672,Orphanet:ORPHA140162,SNOMED_CT:699346009",intronic,True,Pathogenic
17_33446870_322629_A,17,33446870,T,A,322629,snp,tv,rs188262287,ENST00000593039.1:c.3+1440A>T,RAD51L3-RFFL,intron_variant,0.0001,0.0,,0.8774,16.7547,4.17,,0.0,0.787,,0.002,0.0071,0.4941,0.0,0.013,,0.5622,1.7766,0.0066513000056147575,0.053936923963274645,0.3128,0.008818438723033577,,1.457,11.09,12.22,,,"criteria_provided,_single_submitter",Benign,"MONDO:MONDO:0013669,MedGen:C3280345,OMIM:614291",intronic,False,Benign
17_33447027_1230782_T,17,33447027,C,T,1230782,snp,ts,rs114893073,ENST00000593039.1:c.3+1283G>A,RAD51L3-RFFL,intron_variant,0.0,0.03,,0.9024,18.3102,1.03,0.03080972,0.03,0.923,,0.0,0.007,3.9021,0.01,0.108,,0.6063,0.8087,0.03189999982714653,0.4419393056055471,0.0701,0.0211,,0.169,8.831,8.728,,,"criteria_provided,_single_submitter",Benign,MedGen:CN517202,intronic,False,Benign
17_73969953_1262221_G,17,73969953,A,G,1262221,snp,ts,rs3744033,ENST00000293217.5:c.269+4662T>C,ACOX1,intron_variant,0.0001,0.0,0.0,0.3596,4.6847,4.45,,0.0,0.015,,0.002,0.0084,5.1165,0.0,0.087,0.103,0.0754,0.7178,0.16769999265670776,,0.0498,0.0102,,0.251,1.358,1.272,,,"criteria_provided,_single_submitter",Benign,MedGen:CN517202,intronic,False,Benign
17_73970131_1221559_T,17,73970131,C,T,1221559,snp,ts,rs59571217,ENST00000293217.5:c.269+4484G>A,ACOX1,intron_variant,0.0001,0.0,0.0,0.4817,3.5184,0.332,,0.0,0.018,,0.0,0.011,5.1454,0.0,0.052,1.229,0.1455,0.7178,0.1776999980211258,,0.0499,,,0.145,1.809,1.859,,,"criteria_provided,_single_submitter",Benign,MedGen:CN517202,intronic,False,Benign
18_32405071_672650_T,18,32405071,C,T,672650,snp,ts,rs1626394,ENST00000598334.1:c.1002-2486C>T,DTNA,intron_variant,0.0002,0.0,0.0,0.2533,2.4737,0.708,,0.0,0.007,,0.032,0.0084,2.3997,0.0,0.063,,0.0614,0.6373,0.3043999969959259,,0.0482,,,0.307,1.251,1.285,,,"criteria_provided,_single_submitter",Benign,MedGen:CN517202,intronic,False,Benign
18_32408900_672652_C,18,32408900,T,C,672652,snp,ts,rs9946576&COSV51995567,ENST00000598334.1:c.1085+1260T>C,DTNA,intron_variant,0.0,0.0,0.0,0.47,6.5958,2.08,,0.01,0.01,,0.0,0.011,0.4751,0.0,0.086,,0.1393,0.6373,0.2709999978542328,,0.1161,,,2.02,4.638,4.64,,,"criteria_provided,_single_submitter",Benign,MedGen:CN517202,intronic,False,Benign
18_32409571_672653_C,18,32409571,T,C,672653,snp,ts,rs1790534,ENST00000598334.1:c.1085+1931T>C,DTNA,intron_variant,0.0006,0.01,,0.6624,12.3879,2.94,,0.0,0.844,,0.0,0.016,7.347,0.0,0.047,1.304,0.5564,1.2602,0.26260000467300415,,0.1564,,0.193,2.66,9.639,9.57,,,"criteria_provided,_single_submitter",Benign,MedGen:CN517202,intronic,False,Benign
18_32464945_672694_C,18,32464945,G,C,672694,snp,tv,rs565255,ENST00000598334.1:c.2034+2780G>C,DTNA,intron_variant,0.0,0.01,,0.5294,8.6339,0.934,,0.01,0.061,,0.0,0.0084,6.3124,,0.044,0.906,0.1208,0.6373,0.16699999570846558,,0.1162,,0.01,0.122,8.826,8.644,,,"criteria_provided,_single_submitter",Benign,MedGen:CN517202,intronic,False,Benign
18_32464945_674649_T,18,32464945,G,T,674649,snp,tv,rs565255,ENST00000598334.1:c.2034+2780G>T,DTNA,intron_variant,0.0001,0.01,,0.7907,8.6339,0.934,,0.01,0.061,,0.0,0.0084,6.3124,,0.145,0.991,0.0775,0.6373,0.09040000289678574,,0.1162,,0.01,0.122,8.929,8.734,,,"criteria_provided,_single_submitter",Benign,MedGen:CN517202,intronic,False,Benign
18_34229638_1294079_A,18,34229638,C,A,1294079,snp,tv,rs2644263,ENST00000257209.4:c.1197-8400C>A,FHOD3,intron_variant,0.0001,0.0,0.004,0.5052,4.8556,1.27,,0.06,0.014,,0.0,0.0073,3.593,0.03,0.062,1.411,0.1498,0.1087,0.25929999351501465,,0.1926,,,0.801,1.035,1.05,,,"criteria_provided,_single_submitter",Benign,MedGen:CN517202,intronic,False,Benign
18_34232952_1221394_C,18,34232952,T,C,1221394,snp,ts,rs1893433&COSV57185715,ENST00000257209.4:c.1197-5086T>C,FHOD3,intron_variant,0.0002,0.01,0.0,0.7151,8.4795,2.2,0.00905824,0.01,0.555,,0.0,0.0071,5.7877,0.0,0.028,1.232,0.1924,0.7316,0.26499998569488525,0.4212959397107761,0.0456,0.061664559623350865,,0.091,7.041,6.909,,,"criteria_provided,_single_submitter",Benign,MedGen:CN517202,intronic,False,Benign
18_34233530_1247462_C,18,34233530,T,C,1247462,snp,ts,rs2848904,ENST00000257209.4:c.1197-4508T>C,FHOD3,intron_variant,0.0004,0.01,0.0,0.4692,5.6632,0.572,,0.02,0.01,,0.0,0.0071,2.6315,0.01,0.061,0.61,0.2073,0.1087,0.5475000143051147,,0.0463,,,0.316,2.685,2.698,,,"criteria_provided,_single_submitter",Benign,MedGen:CN517202,intronic,False,Benign
18_34233545_1237187_C,18,34233545,A,C,1237187,snp,tv,rs17680285,ENST00000257209.4:c.1197-4493A>C,FHOD3,intron_variant,0.001,0.01,0.0,0.5546,6.5687,1.29,,0.01,0.485,,0.0,0.0071,5.0005,0.0,0.053,1.609,0.2338,0.1087,0.054099999368190765,,0.0463,,,0.067,5.165,5.161,,,"criteria_provided,_single_submitter",Benign,MedGen:CN517202,intronic,False,Benign
18_34233642_1277466_A,18,34233642,C,A,1277466,snp,tv,rs2172947,ENST00000257209.4:c.1197-4396C>A,FHOD3,intron_variant,0.0002,0.01,0.0,0.4911,1.2927,3.54,,0.0,0.006,,0.0,0.0072,7.7485,0.0,0.056,0.481,0.0884,0.1087,0.5449000000953674,,0.0463,,,0.277,0.494,0.5,,,"criteria_provided,_single_submitter",Benign,MedGen:CN517202,intronic,False,Benign
18_34339044_1261715_C,18,34339044,T,C,1261715,snp,ts,rs16968290,ENST00000257209.4:c.3901-1527T>C,FHOD3,intron_variant,0.0044,0.36,0.006,0.7645,22.3208,5.11,0.37895619,0.16,0.993,0.0,0.0,0.017,11.5848,0.18,0.103,1.784,0.9821,0.887,0.020899999886751175,0.03963547141148339,0.9448,0.11016931637698378,1.0,5.051,18.3,20.4,,,"criteria_provided,_single_submitter",Benign,MedGen:CN517202,intronic,False,Benign
18_42456487_1300605_G,18,42456487,T,G,1300605,snp,tv,rs543866293,ENST00000282030.5:c.540+7239T>G,SETBP1,intron_variant,0.0011,0.01,0.0,0.8877,8.6136,0.662,,0.0,0.738,1.0,0.02,0.0084,3.7564,0.01,0.077,,0.4735,0.1739,0.0,0.050196201091621345,0.0456,0.0004361186061491776,0.101,0.075,10.03,9.492,,,"criteria_provided,_single_submitter",Benign,MedGen:CN517202,intronic,False,Benign
19_11150125_238452_A,19,11150125,T,A,238452,snp,tv,rs201309716,ENST00000429416.3:c.4171-1858T>A,SMARCA4,intron_variant,0.002,0.46,0.256,0.8678,1.5025,1.45,,0.24,0.567,0.0,0.29,0.024,,0.33,1.336,1.352,0.0554,1.1342,0.0004778000002261251,0.12737719149325055,0.1374,0.9112,0.003,0.958,11.66,9.34,0.354,,"criteria_provided,_multiple_submitters,_no_conflicts",Benign,"MONDO:MONDO:0013224,MedGen:C2750074,OMIM:613325|MONDO:MONDO:0015452,MedGen:C0265338,OMIM:PS135900,Orphanet:ORPHA1465,SNOMED_CT:10007009",intronic,False,Benign
19_13339512_546831_T,19,13339512,C,T,546831,snp,ts,rs1555736262,ENST00000360228.5:c.5529-1171G>A,CACNA1A,intron_variant,0.0318,0.11,0.807,0.9927,3.6987,4.21,7.35776212,0.12,0.973,1.450444208681867,1.0,0.95,15.3684,0.03,1.899,3.113,0.9629,1.6575,0.0,0.993307854214409,0.8748,3.1891,1.0,7.719,21.1,22.5,0.704,,"criteria_provided,_single_submitter",Likely_pathogenic,MedGen:CN517202,intronic,True,Pathogenic
19_41860296_39302_G,19,41860296,A,G,39302,snp,ts,rs1800469&CR993676,ENST00000539627.1:c.-30+3189A>G,TMEM91,intron_variant,0.0,0.01,,0.4831,14.2075,4.98,0.76944775,0.02,0.025,,0.0,0.0084,4.375,,0.055,,0.0855,1.0597,0.7019000053405762,0.3403427295858713,0.0929,0.18658617289829954,,1.338,5.903,5.076,,,"criteria_provided,_multiple_submitters,_no_conflicts",Benign,"Human_Phenotype_Ontology:HP:0002335,Human_Phenotype_Ontology:HP:0007125,MONDO:MONDO:0018772,MedGen:C0431399,OMIM:PS213300,Orphanet:ORPHA475,SNOMED_CT:253175003,SNOMED_CT:716997004|MONDO:MONDO:0018921,MedGen:C0265215,OMIM:PS249000,Orphanet:ORPHA564,SNOMED_CT:29076005|MedGen:CN517202",5primeUTR,False,Benign
19_41860934_261880_C,19,41860934,G,C,261880,snp,tv,rs3087453,ENST00000539627.1:c.-30+3827G>C,TMEM91,intron_variant,0.0001,0.02,,0.68,13.9307,1.84,,0.0,0.222,0.0,0.346,0.0084,6.5794,0.0,1.293,,0.1644,0.5947,0.01256099995225668,0.5931481652188673,0.0845,0.0056,,0.202,4.224,4.207,,,"criteria_provided,_single_submitter",Benign,MedGen:CN169374,5primeUTR,False,Benign
19_45862194_1235761_G,19,45862194,A,G,1235761,snp,ts,rs3916841&COSV55539554,ENST00000391945.4:c.1238-1237T>C,ERCC2,intron_variant,0.0012,0.01,0.192,0.6685,4.705,1.52,,0.0,0.079,0.0,0.0,0.0089,4.9319,0.02,0.101,,0.1713,0.9372,0.032600000500679016,,0.0469,0.2858,0.114,1.374,3.185,3.279,,,"criteria_provided,_single_submitter",Benign,MedGen:CN517202,intronic,False,Benign
19_45862449_1287693_G,19,45862449,A,G,1287693,snp,ts,rs50872,ENST00000391945.4:c.1238-1492T>C,ERCC2,intron_variant,0.0005,0.01,0.0,0.8067,7.2066,2.52,,0.0,0.767,,0.0,0.0084,7.0012,0.0,0.067,,0.2516,1.7154,0.7925000190734863,,0.0575,,,0.188,7.517,7.316,,,"criteria_provided,_single_submitter",Benign,MedGen:CN517202,intronic,False,Benign
19_46057170_4239_G,19,46057170,C,G,4239,snp,tv,rs80356523&CS013828,ENST00000323060.3:c.143-24456G>C,OPA3,intron_variant,0.9717,0.96,0.997,0.995,4.2456,4.6,,0.85,0.995,1.0621404816755267,1.0,0.028,15.2967,1.0,1.5350000000000001,,0.9593,0.9578,0.0,0.9978981431665696,0.9736,2.4668,1.0,6.747,22.7,23.4,0.9862,,"criteria_provided,_multiple_submitters,_no_conflicts",Pathogenic,"MONDO:MONDO:0008133,MedGen:C1833809,OMIM:165300,Orphanet:ORPHA67036|MONDO:MONDO:0009787,MedGen:C0574084,OMIM:258501,Orphanet:ORPHA67047,SNOMED_CT:297232009|MedGen:CN517202",intronic,True,Pathogenic
1_63010711_852196_T,1,63010711,C,T,852196,snp,ts,,ENST00000340370.5:c.2767-1295G>A,DOCK7,intron_variant,0.1579,0.64,0.914,0.9942,4.6278,5.0,,0.13,0.989,1.519217043266703,1.0,0.973,18.851,0.07,1.516,3.074,0.9962,1.1954,0.0,0.9914817362809978,0.988,2.1505,1.0,7.04,24.8,23.2,0.9932,,"criteria_provided,_single_submitter",Likely_pathogenic,"MONDO:MONDO:0014371,MedGen:C4014492,OMIM:615859,Orphanet:ORPHA411986",intronic,True,Pathogenic
1_63010871_1179405_C,1,63010871,T,C,1179405,snp,ts,rs12074528,ENST00000340370.5:c.2767-1455A>G,DOCK7,intron_variant,0.0001,0.01,0.002,0.7063,0.4588,4.37,,0.01,0.0,,0.0,0.011,1.1977,0.0,0.07,1.244,0.0871,0.5725,0.5906999707221985,,0.2356,,,0.957,0.095,0.098,,,"criteria_provided,_single_submitter",Benign,MedGen:CN517202,intronic,False,Benign
1_66091499_1183895_C,1,66091499,T,C,1183895,snp,ts,rs79864325,ENST00000349533.6:c.2673+2835T>C,LEPR,intron_variant,0.0,0.0,0.0,0.6716,0.3762,5.15,,0.0,0.003,,0.0,0.0085,10.4519,0.0,0.134,,0.0681,0.8566,0.0284000001847744,,0.0469,,,1.99,0.474,0.475,,,"criteria_provided,_single_submitter",Benign,MedGen:CN517202,intronic,False,Benign
1_66098653_1243676_C,1,66098653,T,C,1243676,snp,ts,rs1938498&COSV62746468,ENST00000349533.6:c.2674-3221T>C,LEPR,intron_variant,0.0,0.01,0.0,0.6731,3.0799,4.4,,0.01,0.0,,0.0,0.0085,0.5867,0.0,0.008,,0.1276,0.8566,0.4401000142097473,,0.0469,,,1.432,1.533,1.528,,,"criteria_provided,_single_submitter",Benign,MedGen:CN517202,intronic,False,Benign
1_66098745_1181709_A,1,66098745,C,A,1181709,snp,tv,rs111948489,ENST00000349533.6:c.2674-3129C>A,LEPR,intron_variant,0.0001,0.01,0.0,0.7821,11.0965,2.56,,0.02,0.553,,0.0,0.0084,4.5829,0.0,0.044,,0.1475,0.8566,0.0284000001847744,,0.2931,0.0704,,0.62,11.37,11.05,,,"criteria_provided,_single_submitter",Benign,MedGen:CN517202,intronic,False,Benign
1_94483922_1284864_T,1,94483922,G,T,1284864,snp,tv,CS1313970,ENST00000370225.3:c.5196+1216C>A,ABCA4,intron_variant,0.0002,0.05,0.165,0.5037,5.4187,2.08,,0.24,0.605,,0.016,0.063,7.7261,0.27,0.033,,0.2145,0.7056,0.0,,0.0456,,0.001,0.149,8.035,5.204,,,"criteria_provided,_single_submitter",Pathogenic,MedGen:CN517202,intronic,True,Pathogenic
1_94484001_438100_T,1,94484001,C,T,438100,snp,ts,rs778234759&CS1313969,ENST00000370225.3:c.5196+1137G>A,ABCA4,intron_variant,0.0005,0.11,0.634,0.6061,2.8153,0.408,,0.39,0.007,,0.004,0.01,5.5299,0.15,0.022,,0.1031,0.0828,9.558400051901117e-05,,0.0449,,,0.407,2.171,1.084,,,"criteria_provided,_multiple_submitters,_no_conflicts",Pathogenic/Likely_pathogenic,"Human_Phenotype_Ontology:HP:0000556,Human_Phenotype_Ontology:HP:0007736,Human_Phenotype_Ontology:HP:0007910,Human_Phenotype_Ontology:HP:0007974,Human_Phenotype_Ontology:HP:0007982,MONDO:MONDO:0019118,MeSH:D058499,MedGen:C0854723,Orphanet:ORPHA71862,SNOMED_CT:314407005|Human_Phenotype_Ontology:HP:0007638,Human_Phenotype_Ontology:HP:0007754,Human_Phenotype_Ontology:HP:0007798,Human_Phenotype_Ontology:HP:0007914,Human_Phenotype_Ontology:HP:0007919,Human_Phenotype_Ontology:HP:0007999,MedGen:C0730292|MONDO:MONDO:0009549,MeSH:D000080362,MedGen:C1855465,OMIM:248200,Orphanet:ORPHA364055|MONDO:MONDO:0011137,MedGen:C1866422,OMIM:601718|MONDO:MONDO:0019353,MedGen:C0271093,Orphanet:ORPHA827,SNOMED_CT:70099003|MedGen:CN517202",intronic,True,Pathogenic
1_107961159_1250495_G,1,107961159,A,G,1250495,snp,ts,rs12731224&COSV64270491,ENST00000370068.1:c.1087+10829A>G,NTNG1,intron_variant,0.0003,0.03,0.0,0.6674,16.1517,3.29,,0.01,0.878,0.0,0.024,0.011,6.3198,0.0,1.302,1.217,0.9535,0.7056,0.1356000006198883,0.050401976056312255,0.6077,0.0687,0.009,0.038,18.72,17.25,,,"criteria_provided,_single_submitter",Benign,MedGen:CN517202,intronic,False,Benign
1_107961196_1241235_A,1,107961196,G,A,1241235,snp,ts,rs17530804,ENST00000370068.1:c.1087+10866G>A,NTNG1,intron_variant,0.0001,0.02,0.077,0.7331,17.1294,0.341,0.0715168,0.11,0.106,0.0,0.0,0.011,10.4248,0.02,0.12,0.919,0.9527,0.0828,0.04580000042915344,0.10718036515702724,0.5189,0.1704,1.0,1.416,17.57,16.06,0.01,,"criteria_provided,_single_submitter",Benign,MedGen:CN517202,intronic,False,Benign
1_108734993_1258708_C,1,108734993,G,C,1258708,snp,tv,rs521545&COSV51450669,ENST00000565488.1:c.184-6417C>G,SLC25A24,intron_variant,0.0001,0.0,0.0,0.7009,4.7387,0.209,,0.0,0.092,,0.022,0.013,4.6029,0.0,0.062,,0.0997,0.1795,0.35120001435279846,,0.048,,,0.252,6.517,6.413,,,"criteria_provided,_single_submitter",Benign,MedGen:CN517202,intronic,False,Benign
1_198662905_1279911_G,1,198662905,A,G,1279911,snp,ts,rs74587159,ENST00000442510.2:c.100+1403A>G,PTPRC,intron_variant,0.0001,0.01,0.0,0.5519,2.2906,0.251,,0.0,0.01,,0.0,0.011,2.7854,0.0,0.095,,0.1397,0.7967,0.022299999371170998,,0.0495,,,0.235,1.95,1.903,,,"criteria_provided,_single_submitter",Benign,MedGen:CN517202,intronic,False,Benign
20_9386049_1222234_T,20,9386049,A,T,1222234,snp,tv,rs55990277&COSV53796557,ENST00000378501.2:c.1612-2515A>T,PLCB4,intron_variant,0.0009,0.01,0.0,0.764,4.5652,2.78,0.11192298,0.01,0.006,,0.0,0.0085,5.0744,0.0,0.008,1.165,0.1323,0.4674,0.08780000358819962,0.46043297206700773,0.0463,0.0026,,0.79,1.957,1.95,,,"criteria_provided,_single_submitter",Benign,MedGen:CN517202,intronic,False,Benign
20_42806908_1254222_G,20,42806908,A,G,1254222,snp,ts,rs111784271,ENST00000372980.3:c.379+8059T>C,JPH2,intron_variant,0.0,0.01,0.0,0.6779,6.4947,0.577,,0.01,0.506,,0.0,0.0068,6.4796,0.0,0.035,,0.1161,0.4981,0.019362999126315117,,0.105,,0.057,1.295,2.632,2.671,,,"criteria_provided,_single_submitter",Benign,MedGen:CN517202,intronic,False,Benign
20_57466921_873534_C,20,57466921,G,C,873534,snp,tv,CS099651,ENST00000371100.4:c.2069-3746G>C,GNAS,intron_variant,0.4931,0.96,0.985,0.9149,2.1619,1.27,9.65774123,0.85,0.902,1.2816735771050496,1.0,0.993,10.6829,0.99,1.802,,0.9607,1.9633,0.0,0.9871089982468759,0.7675,4.1278,1.0,7.12,14.51,15.25,0.042,,"criteria_provided,_single_submitter",Pathogenic,"MONDO:MONDO:0011301,MedGen:C1864100,OMIM:603233,Orphanet:ORPHA94089",intronic,True,Pathogenic
20_57466921_1071844_A,20,57466921,G,A,1071844,snp,ts,CS099651,ENST00000371100.4:c.2069-3746G>A,GNAS,intron_variant,0.4582,0.96,0.987,0.9289,2.1619,1.27,9.89487435,0.85,0.902,1.2664234786953648,1.0,0.992,10.6829,0.99,1.802,,0.9589,1.9633,0.0,0.9871901387371393,0.7675,3.9012,1.0,7.12,14.84,15.5,0.04,,"criteria_provided,_single_submitter",Pathogenic,MedGen:CN517202,intronic,True,Pathogenic
20_57466922_1216872_C,20,57466922,T,C,1216872,snp,ts,CS131328&CS139763,ENST00000371100.4:c.2069-3745T>C,GNAS,intron_variant,0.7573,0.94,0.995,0.8158,2.0063,1.27,7.83041167,0.84,0.897,1.2009392014780866,1.0,0.995,8.4634,0.96,1.802,,0.9513,1.9676,0.0,0.9786790535702484,0.7423,1.1483,1.0,5.795,14.75,15.56,0.024,,"criteria_provided,_single_submitter",Pathogenic,MedGen:CN517202,intronic,True,Pathogenic
21_33974322_1248500_A,21,33974322,G,A,1248500,snp,ts,rs16989559&COSV51592353,ENST00000553001.1:c.666+1149C>T,AP000275.65,intron_variant,0.0,0.04,,0.7737,10.9739,0.277,,0.06,0.821,0.0,0.398,0.01,4.2295,0.02,0.084,0.342,0.1953,0.0115,0.11729999631643295,,0.0508,0.1644,0.407,0.974,8.088,7.844,,,"criteria_provided,_single_submitter",Benign,MedGen:CN517202,intronic,False,Benign
21_34006917_1237491_G,21,34006917,T,G,1237491,snp,tv,rs844985,ENST00000433931.2:c.4033-2806A>C,SYNJ1,intron_variant,0.0004,0.01,0.0,0.8025,12.277,0.268,,0.0,0.686,,0.0,0.011,1.3605,0.0,0.084,0.433,0.2652,0.5809,0.0778999999165535,,0.1946,,0.025,0.251,12.21,11.9,,,"criteria_provided,_single_submitter",Benign,MedGen:CN517202,intronic,False,Benign
22_45953734_1251396_A,22,45953734,G,A,1251396,snp,ts,rs5764784,ENST00000327858.6:c.1697+7239G>A,FBLN1,intron_variant,0.0001,0.0,0.0,0.5541,0.0983,0.109,,0.01,0.001,,0.0,0.0095,,0.0,0.128,,0.0573,0.5173,0.6434000134468079,,0.0482,,0.009,0.866,3.948,3.902,,,"criteria_provided,_single_submitter",Benign,MedGen:CN517202,intronic,False,Benign
22_45958685_1250312_A,22,45958685,G,A,1250312,snp,ts,rs4823224,ENST00000327858.6:c.1698-11706G>A,FBLN1,intron_variant,0.0001,0.03,0.0,0.9532,14.3317,0.819,,0.04,0.783,,0.0,0.0084,3.9431,0.07,0.169,,0.1938,0.5173,0.039400000125169754,,0.1918,,0.964,0.048,10.69,11.47,,,"criteria_provided,_single_submitter",Benign,MedGen:CN517202,intronic,False,Benign
2_25472784_1296240_T,2,25472784,C,T,1296240,snp,ts,rs11681447&COSV53047899,ENST00000264709.3:c.640-1663G>A,DNMT3A,intron_variant,0.0001,0.01,0.0,0.5572,7.1012,1.32,,0.0,0.781,,0.0,0.0084,5.2711,0.02,0.043,0.329,0.218,1.2954,0.6906999945640564,,0.0614,,0.001,0.2,5.16,4.9,,,"criteria_provided,_single_submitter",Benign,MedGen:CN517202,intronic,False,Benign
2_26484125_1252558_G,2,26484125,A,G,1252558,snp,ts,rs79180294,ENST00000317799.5:c.110-2123A>G,HADHB,intron_variant,0.0004,0.0,0.0,0.8454,1.959,0.418,,0.0,0.438,,0.0,0.0084,,0.0,0.094,1.724,0.1315,0.3518,0.017419999465346336,,0.0469,0.0520486875898135,0.034,0.21,5.539,5.528,,,"criteria_provided,_single_submitter",Benign,MedGen:CN517202,intronic,False,Benign
2_47274571_1227349_T,2,47274571,C,T,1227349,snp,ts,rs115175738,ENST00000319190.5:c.1919+1001C>T,TTC7A,intron_variant,0.0003,0.0,0.0,0.8353,8.2608,2.64,,0.02,0.764,,0.0,0.0097,5.9602,0.01,0.165,1.302,0.2126,0.6343,0.01851700060069561,,0.1553,0.1919055671120007,0.002,0.388,6.24,6.256,,,"criteria_provided,_single_submitter",Benign,MedGen:CN517202,intronic,False,Benign
2_47399415_1294736_A,2,47399415,G,A,1294736,snp,ts,rs34990437,ENST00000272298.7:c.4-1512C>T,CALM2,intron_variant,0.0001,0.0,0.0,0.1724,0.2295,0.158,,0.0,0.034,,0.004,0.0069,,0.0,0.137,,0.0813,1.2954,0.06480000168085098,,0.0653,0.0027022817549939475,0.001,0.826,3.148,2.722,,,"criteria_provided,_single_submitter",Benign,MedGen:CN517202,intronic,False,Benign
2_47399601_1222636_G,2,47399601,A,G,1222636,snp,ts,rs4953472,ENST00000272298.7:c.4-1698T>C,CALM2,intron_variant,0.0004,0.04,0.461,0.64,5.0089,4.36,0.3161813,0.07,0.713,0.0,0.024,0.467,5.9527,0.05,0.148,,0.1347,1.2954,0.12970000505447388,0.07862389008854137,0.0561,0.1056,,0.58,3.075,2.906,0.046,,"criteria_provided,_single_submitter",Benign,MedGen:CN517202,intronic,False,Benign
2_71776479_94274_A,2,71776479,G,A,94274,snp,ts,rs398123770&CS103818,ENST00000410020.3:c.1577-1692G>A,DYSF,intron_variant,0.3831,0.83,0.999,0.9946,4.512,5.32,0.14556031,0.6,0.998,1.0596251137277273,0.998,0.971,14.8828,0.76,1.585,3.318,0.9836,0.8019,0.0,0.991281417413,0.9854,1.7216,1.0,6.038,22.6,23.3,0.9864,,"criteria_provided,_multiple_submitters,_no_conflicts",Pathogenic,"MONDO:MONDO:0009676,MedGen:C1850889,OMIM:253601,Orphanet:ORPHA268|MedGen:CN517202",intronic,True,Pathogenic
2_71776522_1504863_A,2,71776522,G,A,1504863,snp,ts,rs1473130799,ENST00000410020.3:c.1577-1649G>A,DYSF,intron_variant,0.2747,0.7,0.968,0.9943,4.4334,5.23,7.76167528,0.56,0.998,1.0623206894900263,0.982,0.951,14.6668,0.69,1.915,3.122,0.9852,0.9572,0.0,0.987893183758808,0.9785,3.0243,1.0,6.038,22.5,23.1,0.9864,,"criteria_provided,_single_submitter",Likely_pathogenic,"MONDO:MONDO:0016145,MedGen:C2931687,Orphanet:ORPHA207073",intronic,True,Pathogenic
2_71776536_94275_G,2,71776536,C,G,94275,snp,tv,rs76402294,ENST00000410020.3:c.1577-1635C>G,DYSF,intron_variant,0.0317,0.02,0.154,0.7516,22.1306,3.16,0.0179336,0.03,0.958,0.0,0.0,0.0072,7.1151,0.08,0.161,0.984,0.9658,0.9572,0.028200000524520874,0.41991230714935823,0.3871,0.0723,,0.805,16.06,16.9,,,"criteria_provided,_multiple_submitters,_no_conflicts",Benign/Likely_benign,"MONDO:MONDO:0009685,MedGen:CN230453,OMIM:PS254130,Orphanet:ORPHA45448|MONDO:MONDO:0016145,MedGen:C2931687,Orphanet:ORPHA207073|MedGen:CN169374|MedGen:CN239352|MedGen:CN517202",intronic,False,Benign
2_79750543_1243338_T,2,79750543,C,T,1243338,snp,ts,rs10205858,ENST00000466387.1:c.-6+18235C>T,CTNNA2,intron_variant,0.0006,0.01,0.0,0.1814,3.7596,1.81,,0.01,0.001,,0.0,0.0084,4.819,0.0,0.249,,0.0397,0.4225,0.6643000245094299,,0.0443,,0.002,0.137,3.389,3.452,,,"criteria_provided,_single_submitter",Benign,MedGen:CN517202,5primeUTR,False,Benign
2_111918994_1242068_G,2,111918994,A,G,1242068,snp,ts,rs76245002,ENST00000393256.3:c.499-2716A>G,BCL2L11,intron_variant,0.001,0.02,0.638,0.7471,1.053,1.93,,0.4,0.775,0.0,1.0,0.734,5.8522,0.25,1.447,3.259,0.1634,1.3623,0.021800000220537186,0.9811717773608207,0.0979,1.9737,0.001,0.124,11.32,5.704,0.0003,,"criteria_provided,_single_submitter",Benign,MedGen:CN517202,intronic,False,Benign
2_127818021_678251_T,2,127818021,C,T,678251,snp,ts,rs74895054&COSV52122365,ENST00000316724.5:c.858-1290G>A,BIN1,intron_variant,0.0003,0.09,0.0,0.8935,8.5473,0.09,,0.04,0.83,,0.0,0.0072,6.1907,0.01,0.031,1.086,0.1483,0.6872,0.10949999839067459,,0.0476,,,1.227,6.333,5.995,,,"criteria_provided,_single_submitter",Benign,MedGen:CN517202,intronic,False,Benign
2_127818406_678130_A,2,127818406,G,A,678130,snp,ts,rs1108031&COSV52117022,ENST00000316724.5:c.857+1285C>T,BIN1,intron_variant,0.0001,0.01,0.0,0.8402,7.7938,0.647,,0.0,0.763,,0.0,0.0084,7.7229,0.0,0.143,2.165,0.1411,0.6872,0.3222000002861023,,0.1055,,,0.101,5.768,5.476,,,"criteria_provided,_single_submitter",Benign,MedGen:CN517202,intronic,False,Benign
2_174085741_1246551_G,2,174085741,A,G,1246551,snp,ts,rs11690597,ENST00000375213.3:c.987+3763A>G,MLTK,intron_variant,0.0,0.02,,0.8376,14.1546,4.63,,0.0,0.794,,0.0,0.01,6.561,0.0,1.416,,0.3813,0.6343,0.1768999993801117,,0.1297,,0.003,0.455,14.77,14.41,,,"criteria_provided,_single_submitter",Benign,MedGen:CN517202,intronic,False,Benign
2_183033202_1258905_G,2,183033202,A,G,1258905,snp,ts,rs2276612,ENST00000435564.1:c.1564+17417T>C,PDE1A,intron_variant,0.0,0.01,0.0,0.6966,2.951,1.13,,0.01,0.001,,0.0,0.01,2.4527,0.0,0.056,,0.1055,0.2219,0.2946000099182129,,0.0456,,0.002,0.215,1.788,1.814,,,"criteria_provided,_single_submitter",Benign,MedGen:CN517202,intronic,False,Benign
2_183106427_1238917_G,2,183106427,C,G,1238917,snp,tv,rs2623435,ENST00000435564.1:c.216-1408G>C,PDE1A,intron_variant,0.0001,0.0,0.0,0.4412,7.4727,0.703,,0.01,0.373,,0.0,0.0073,6.1285,0.0,0.2,,0.1705,0.2219,0.6958000063896179,,0.0436,,,0.1,2.694,2.752,,,"criteria_provided,_single_submitter",Benign,MedGen:CN517202,intronic,False,Benign
2_202134329_1068184_A,2,202134329,G,A,1068184,snp,ts,rs373232880&COSV51861214,ENST00000358485.4:c.483-1910G>A,CASP8,intron_variant,0.0001,0.28,0.322,0.7886,0.9036,0.473,4.80232258,0.03,0.801,0.01035081986041802,1.0,0.489,4.2882,0.0,1.7850000000000001,3.428,0.1007,1.0449,3.185300010954961e-05,0.989968615686894,0.1021,4.089994538820913,,0.015,13.96,4.243,,,"criteria_provided,_single_submitter",Likely_pathogenic,"MONDO:MONDO:0011804,MedGen:C1846545,OMIM:607271,Orphanet:ORPHA275517",intronic,True,Pathogenic
2_225434256_1244839_G,2,225434256,C,G,1244839,snp,tv,rs16825685,ENST00000264414.4:c.67-11683G>C,CUL3,intron_variant,0.0005,0.02,0.0,0.573,9.5574,2.49,,0.0,0.071,,0.0,0.0072,4.9724,0.0,0.032,,0.2071,1.1954,0.2953000068664551,,0.0666,,0.004,0.314,3.488,3.604,,,"criteria_provided,_single_submitter",Benign,MedGen:CN517202,intronic,False,Benign
2_233631062_335032_C,2,233631062,T,C,335032,snp,ts,rs34063802,ENST00000409451.3:c.532+4916T>C,GIGYF2,intron_variant,0.0,0.0,0.0,0.7649,7.733,0.794,,0.0,0.631,,0.0,0.0084,3.9059,0.0,0.048,,0.1637,0.0828,0.20280000567436218,,0.0463,0.010271468774924266,0.001,0.022,7.234,7.194,,,"criteria_provided,_single_submitter",Benign,"MONDO:MONDO:0013613,MedGen:C3280062,OMIM:614186",intronic,False,Benign
3_4695370_1296228_G,3,4695370,A,G,1296228,snp,ts,rs17041109&COSV56995130,ENST00000302640.8:c.951+1468A>G,ITPR1,intron_variant,0.0008,0.0,0.0,0.6961,10.9133,3.55,,0.0,0.276,,0.0,0.0084,6.6123,0.0,0.222,1.028,0.6229,1.5455,0.120899997651577,,0.0599,,0.667,0.576,11.17,11.02,,,"criteria_provided,_single_submitter",Benign,MedGen:CN517202,intronic,False,Benign
3_4695680_1174296_A,3,4695680,G,A,1174296,snp,ts,rs13316843,ENST00000302640.8:c.951+1778G>A,ITPR1,intron_variant,0.0001,0.0,0.0,0.7301,6.707,1.85,,0.0,0.058,,0.0,0.0084,1.1074,0.0,0.064,1.522,0.093,0.7673,0.14149999618530273,,0.0463,,0.001,0.186,4.221,4.169,,,"criteria_provided,_single_submitter",Benign,MedGen:CN517202,intronic,False,Benign
3_15509220_977753_A,3,15509220,G,A,977753,snp,ts,,ENST00000383788.5:c.718-1276C>T,COLQ,intron_variant,0.0003,0.23,0.527,0.2953,10.6712,0.369,,0.48,0.027,,0.248,0.297,4.216,0.52,1.694,,0.2469,0.1336,0.0,,0.1024,,,0.267,3.986,3.714,,,"criteria_provided,_single_submitter",Likely_pathogenic,"MONDO:MONDO:0011281,MedGen:C1864233,OMIM:603034",intronic,True,Pathogenic
3_43592906_1282768_C,3,43592906,T,C,1282768,snp,ts,rs9829081,ENST00000292246.3:c.1669-1566A>G,ANO10,intron_variant,0.0012,0.02,0.006,0.738,0.2161,2.0,0.47794237,0.01,0.015,,0.0,0.01,2.8448,0.0,1.366,,0.0439,0.0115,0.8061000108718872,0.48842791831370264,0.0443,0.07152982756461394,0.005,2.273,1.904,1.803,,,"criteria_provided,_single_submitter",Benign,MedGen:CN517202,intronic,False,Benign
3_49525958_1223881_C,3,49525958,T,C,1223881,snp,ts,rs11719996,ENST00000545947.1:c.-117+1110T>C,DAG1,intron_variant,0.0001,0.02,0.0,0.4018,2.9941,1.44,,0.01,0.017,,0.036,0.0089,3.8718,0.0,0.214,1.596,0.067,0.5279,0.2888999879360199,,0.0469,,,0.586,2.04,2.047,,,"criteria_provided,_single_submitter",Benign,MedGen:CN517202,5primeUTR,False,Benign
3_49525962_1292613_T,3,49525962,G,T,1292613,snp,tv,rs4855861,ENST00000545947.1:c.-117+1114G>T,DAG1,intron_variant,0.0001,0.02,0.002,0.4055,0.4911,2.27,,0.01,0.014,,0.046,0.093,0.5767,0.0,1.33,1.239,0.1037,0.5279,0.4106000065803528,,0.0469,0.0261,,1.609,0.199,0.206,,,"criteria_provided,_single_submitter",Benign,MedGen:CN517202,5primeUTR,False,Benign
3_49526044_1252410_T,3,49526044,A,T,1252410,snp,tv,rs4855860,ENST00000545947.1:c.-117+1196A>T,DAG1,intron_variant,0.0007,0.06,0.093,0.1735,0.0151,1.14,,0.03,0.01,,0.002,0.01,,0.06,1.308,1.388,0.0307,0.5279,0.8838000297546387,0.04980418497878422,0.0463,0.1358,,1.46,2.016,3.571,,,"criteria_provided,_single_submitter",Benign,MedGen:CN517202,5primeUTR,False,Benign
3_49526300_1251824_T,3,49526300,C,T,1251824,snp,ts,rs4855859,ENST00000545947.1:c.-117+1452C>T,DAG1,intron_variant,0.0021,0.01,0.0,0.4898,0.2067,1.19,,0.01,0.021,,0.004,0.01,,0.0,0.283,1.289,0.044,0.5279,0.4185999929904938,,0.0476,,,0.926,0.452,0.459,,,"criteria_provided,_single_submitter",Benign,MedGen:CN517202,5primeUTR,False,Benign
3_123134810_1273172_G,3,123134810,A,G,1273172,snp,ts,rs7616545,ENST00000462833.1:c.1134+31449T>C,ADCY5,intron_variant,0.0009,0.0,0.0,0.623,0.4708,6.49,,0.0,0.006,,0.0,0.007,8.2421,0.0,0.067,,0.0777,0.426,0.11410000175237656,,0.0456,,,2.394,1.629,1.541,,,"criteria_provided,_single_submitter",Benign,MedGen:CN517202,intronic,False,Benign
4_6295744_671460_T,4,6295744,A,T,671460,snp,tv,rs28625666,ENST00000226760.1:c.713-1024A>T,WFS1,intron_variant,0.0,0.0,0.0,0.0579,0.0002,1.54,,0.01,0.015,,0.0,0.01,0.6627,0.0,0.229,,0.0109,0.1795,0.14480000734329224,,0.0476,,,0.737,0.005,0.005,,,"criteria_provided,_single_submitter",Benign,MedGen:CN517202,intronic,False,Benign
4_6295750_669596_G,4,6295750,A,G,669596,snp,ts,rs6820509,ENST00000226760.1:c.713-1018A>G,WFS1,intron_variant,0.0,0.0,0.0,0.3796,0.8407,0.744,,0.0,0.041,,0.0,0.0086,3.4852,0.0,0.034,,0.0632,0.1795,0.4244000017642975,,0.0476,,,1.917,2.985,2.707,,,"criteria_provided,_single_submitter",Benign,MedGen:CN517202,intronic,False,Benign
4_13371378_1302795_T,4,13371378,C,T,1302795,snp,ts,rs11930851,ENST00000330852.5:c.574-1104G>A,RAB28,intron_variant,0.0011,0.04,0.0,0.7157,12.2551,1.81,,0.01,0.746,,0.002,0.011,1.7143,0.0,0.025,0.774,0.1882,0.1161,0.01735999993979931,,0.1319,,0.004,0.194,11.15,10.93,,,"criteria_provided,_single_submitter",Benign,MedGen:CN517202,intronic,False,Benign
4_72429371_1249689_A,4,72429371,G,A,1249689,snp,ts,rs2290399&COSV52620751,ENST00000425175.1:c.3100-3350G>A,SLC4A4,intron_variant,0.0,0.0,0.0,0.5679,3.9255,7.56,,0.0,0.002,,0.0,0.011,1.6325,0.0,0.029,2.348,0.088,0.201,0.8701000213623047,,0.083,,,1.271,1.65,1.599,,,"criteria_provided,_single_submitter",Benign,MedGen:CN517202,intronic,False,Benign
4_72429409_1222513_G,4,72429409,A,G,1222513,snp,ts,rs2290398,ENST00000425175.1:c.3100-3312A>G,SLC4A4,intron_variant,0.0,0.0,0.159,0.5385,7.8362,3.22,,0.05,0.384,,0.034,0.02,5.8616,0.1,0.088,0.682,0.185,0.201,0.864300012588501,,0.0456,,,0.06,6.419,5.174,,,"criteria_provided,_single_submitter",Benign,MedGen:CN517202,intronic,False,Benign
4_72429433_1236487_A,4,72429433,G,A,1236487,snp,ts,rs6812916,ENST00000425175.1:c.3100-3288G>A,SLC4A4,intron_variant,0.0,0.0,0.0,0.7819,9.1903,0.859,,0.0,0.481,,0.004,0.01,1.5216,0.0,0.071,1.271,0.2117,0.201,0.17980000376701355,,0.0456,0.0048,,0.666,7.477,7.273,,,"criteria_provided,_single_submitter",Benign,MedGen:CN517202,intronic,False,Benign
4_114244911_136388_A,4,114244911,G,A,136388,snp,ts,rs139641776,ENST00000357077.4:c.2900+5135G>A,ANK2,intron_variant,0.0004,0.14,0.053,0.9087,21.1037,4.8,0.15284557,0.06,0.961,1.858870967742,0.008,0.012,15.8336,0.08,0.075,2.27,0.9825,1.1096,0.0004777100111823529,0.1371661622525967,0.5138,0.022,1.0,2.736,20.8,19.82,0.142,,"criteria_provided,_single_submitter",Benign,MedGen:CN169374,intronic,False,Benign
4_169799626_1232934_T,4,169799626,C,T,1232934,snp,ts,rs72704207,ENST00000505667.1:c.1965-12447C>T,PALLD,intron_variant,0.0001,0.0,0.001,0.7188,5.4383,0.29,,0.0,0.758,,0.0,0.0085,3.5628,0.0,0.07,0.451,0.1265,0.9768,0.09210000187158585,,0.0547,0.101,,2.294,4.877,4.635,,,"criteria_provided,_single_submitter",Benign,MedGen:CN517202,intronic,False,Benign
4_169799834_1278712_T,4,169799834,G,T,1278712,snp,tv,rs77100808&COSV54978256,ENST00000505667.1:c.1965-12239G>T,PALLD,intron_variant,0.0002,0.0,0.0,0.2414,4.9096,0.522,,0.0,0.622,,0.0,0.0084,2.9227,0.0,0.067,0.126,0.1135,0.1795,0.07980000227689743,,0.0463,,,0.121,1.852,1.943,,,"criteria_provided,_single_submitter",Benign,MedGen:CN517202,intronic,False,Benign
5_78112205_1281004_A,5,78112205,G,A,1281004,snp,ts,rs115179157,ENST00000264914.4:c.1213+22974C>T,ARSB,intron_variant,0.0001,0.01,0.0,0.4539,2.8047,4.33,,0.01,0.017,,0.0,0.01,0.3798,0.0,0.188,,0.2048,0.9661,0.014921000227332115,,0.088,,,0.754,0.46,0.461,,,"criteria_provided,_single_submitter",Benign,MedGen:CN517202,intronic,False,Benign
5_149151707_1269772_A,5,149151707,G,A,1269772,snp,ts,rs73796250,ENST00000309241.5:c.78+41724G>A,PPARGC1B,intron_variant,0.0002,0.09,0.096,0.3712,0.5706,6.93,5.78508049,0.12,0.016,0.0,1.0,0.073,4.5452,0.39,1.7149999999999999,,0.0706,0.3518,0.08820000290870667,0.9348101577973522,0.0766,2.948573361187404,,1.99,7.281,0.176,0.0,,"criteria_provided,_single_submitter",Benign,MedGen:CN517202,intronic,False,Benign
5_149762998_1222313_A,5,149762998,G,A,1222313,snp,ts,rs114416816,ENST00000504761.2:c.2859+3703G>A,TCOF1,intron_variant,0.0001,0.01,0.0,0.6073,6.5937,2.17,,0.01,0.643,,0.0,0.0084,8.3405,0.0,1.322,,0.2015,0.8447,0.01942100003361702,,0.0536,,0.004,0.466,5.139,5.203,,,"criteria_provided,_single_submitter",Benign,MedGen:CN517202,intronic,False,Benign
5_149763262_1181783_T,5,149763262,G,T,1181783,snp,tv,rs11950303,ENST00000504761.2:c.2859+3967G>T,TCOF1,intron_variant,0.0002,0.03,0.0,0.5616,2.4026,2.13,,0.02,0.006,0.0,0.0,0.0084,7.4206,0.01,0.034,,0.1581,0.2219,0.016023000702261925,0.051578197980472605,0.0469,0.0577,,0.358,0.762,0.639,,,"criteria_provided,_single_submitter",Benign,MedGen:CN517202,intronic,False,Benign
6_33151672_1263846_A,6,33151672,T,A,1263846,snp,tv,rs116626305,ENST00000374708.4:c.861+1097A>T,COL11A2,intron_variant,0.0001,0.01,0.0,0.6436,4.7962,0.905,,0.0,0.014,,0.0,0.0084,2.1013,0.0,0.016,1.011,0.1222,0.201,0.15209999680519104,,0.0979,,0.001,0.089,4.124,3.799,,,"criteria_provided,_single_submitter",Benign,MedGen:CN517202,intronic,False,Benign
6_38697386_1246260_T,6,38697386,A,T,1246260,snp,tv,rs1698997,ENST00000359357.3:c.-41-4864A>T,DNAH8,intron_variant,0.0002,0.0,0.0,0.646,0.3159,0.427,,0.0,0.026,,0.0,0.0063,,0.0,0.017,0.035,0.0609,0.0115,0.9368000030517578,,0.0431,,0.001,0.071,4.469,4.504,,,"criteria_provided,_single_submitter",Benign,MedGen:CN517202,5primeUTR,False,Benign
6_38697839_1228932_G,6,38697839,A,G,1228932,snp,ts,rs56284095&COSV59456978,ENST00000359357.3:c.-41-4411A>G,DNAH8,intron_variant,0.0001,0.0,0.0,0.6575,7.6846,3.02,0.06899844,0.0,0.43,,0.004,0.0072,2.039,0.0,0.198,0.334,0.161,0.0115,0.18199999630451202,0.4627903750404942,0.0641,0.0033,,1.131,6.69,6.551,,,"criteria_provided,_single_submitter",Benign,MedGen:CN517202,5primeUTR,False,Benign
6_38697844_1258341_G,6,38697844,T,G,1258341,snp,tv,rs12212784,ENST00000359357.3:c.-41-4406T>G,DNAH8,intron_variant,0.0001,0.01,0.0,0.6067,2.9927,11.4,,0.0,0.01,,0.0,0.0072,2.4616,0.0,0.018,0.164,0.1003,0.0115,0.16099999845027924,,0.0641,0.1452,,1.592,0.488,0.409,,,"criteria_provided,_single_submitter",Benign,MedGen:CN517202,5primeUTR,False,Benign
6_38698047_1281610_A,6,38698047,G,A,1281610,snp,ts,rs72858210,ENST00000359357.3:c.-41-4203G>A,DNAH8,intron_variant,0.0002,0.01,0.041,0.675,9.718,0.123,,0.09,0.043,,0.0,0.0072,3.6411,0.12,0.066,0.071,0.1794,0.6085,0.1256999969482422,,0.1566,,0.07,0.028,5.306,5.254,,,"criteria_provided,_single_submitter",Benign,MedGen:CN517202,5primeUTR,False,Benign
6_45880479_666619_G,6,45880479,A,G,666619,snp,ts,rs75780343,ENST00000185206.6:c.1065+1486T>C,CLIC5,intron_variant,0.0001,0.01,0.636,0.4541,6.0909,0.819,,0.03,0.006,0.0,0.02,0.328,7.2779,0.02,0.205,,0.2103,0.3344,0.004172800108790398,0.5071461733463016,0.0482,0.2077,0.001,0.092,2.253,2.107,0.002,,"criteria_provided,_multiple_submitters,_no_conflicts",Benign,MedGen:CN169374|MedGen:CN517202,intronic,False,Benign
6_45880485_517543_G,6,45880485,A,G,517543,snp,ts,rs75878754,ENST00000185206.6:c.1065+1480T>C,CLIC5,intron_variant,0.0003,0.08,0.087,0.6919,5.2016,0.553,,0.09,0.001,0.0,0.0,0.033,5.4058,0.08,0.127,,0.1862,0.179,0.016505999490618706,0.4868763865588436,0.0632,0.1708,0.001,0.507,2.803,1.621,0.0001,,"criteria_provided,_multiple_submitters,_no_conflicts",Benign,MedGen:CN169374|MedGen:CN517202,intronic,False,Benign
6_51587139_1253005_A,6,51587139,G,A,1253005,snp,ts,rs72899385,ENST00000371117.3:c.10156+22044C>T,PKHD1,intron_variant,0.0003,0.0,0.0,0.6386,0.8964,4.18,,0.0,0.0,,0.0,0.0084,6.15,0.0,0.051,,0.0676,0.0828,0.03739999979734421,,0.0449,,,0.353,0.274,0.277,,,"criteria_provided,_single_submitter",Benign,MedGen:CN517202,intronic,False,Benign
6_56482453_1182967_A,6,56482453,G,A,1182967,snp,ts,rs9382659,ENST00000244364.6:c.3319-3171C>T,DST,intron_variant,0.0001,0.0,0.0,0.2872,8.4019,2.24,,0.0,0.002,,0.0,0.012,1.3149,0.0,0.015,,0.0722,1.1871,0.32030001282691956,,0.0482,,0.636,1.563,2.863,2.947,,,"criteria_provided,_single_submitter",Benign,MedGen:CN517202,intronic,False,Benign
6_56482636_1268604_C,6,56482636,G,C,1268604,snp,tv,rs7760099,ENST00000244364.6:c.3319-3354C>G,DST,intron_variant,0.0,0.0,0.097,0.5158,10.1924,0.785,,0.02,0.52,,0.0,0.019,9.3223,0.02,0.115,0.573,0.2422,0.5643,0.030500000342726707,,0.0489,,,0.447,2.824,2.913,,,"criteria_provided,_single_submitter",Benign,MedGen:CN517202,intronic,False,Benign
6_56482704_1249645_C,6,56482704,A,C,1249645,snp,tv,rs9396228&COSV55010805,ENST00000244364.6:c.3319-3422T>G,DST,intron_variant,0.0002,0.0,0.0,0.9054,13.3829,4.12,0.16718902,0.01,0.655,,0.0,0.0085,2.0637,0.0,0.241,1.242,0.2276,1.1871,0.2964000105857849,0.49894089263984065,0.0637,0.16501613163095413,,0.687,14.35,13.85,,,"criteria_provided,_single_submitter",Benign,MedGen:CN517202,intronic,False,Benign
6_56485517_702793_T,6,56485517,C,T,702793,snp,ts,rs146628688,ENST00000244364.6:c.3318+3811G>A,DST,intron_variant,0.0,0.01,0.358,0.4943,10.2854,0.31,,0.03,0.754,0.0,0.018,0.0084,5.417,0.01,0.14,1.158,0.1837,0.5643,0.0012417000252753496,0.07146159009172375,0.0638,0.21089109231843226,0.079,0.72,6.963,6.886,0.0,,"criteria_provided,_single_submitter",Benign,"MONDO:MONDO:0013839,MedGen:C3539003,OMIM:614653,Orphanet:ORPHA314381|MONDO:MONDO:0014180,MedGen:C3809470,OMIM:615425,Orphanet:ORPHA412181",intronic,False,Benign
6_66042558_1275063_A,6,66042558,G,A,1275063,snp,ts,,ENST00000503581.1:c.1766+2315C>T,EYS,intron_variant,0.0004,0.0,0.0,0.7137,1.1149,1.83,,0.0,0.363,,0.002,0.01,2.8835,0.0,0.041,,0.0539,0.0115,0.0,,0.0443,,0.027,0.092,1.77,1.713,,,"criteria_provided,_single_submitter",Benign,MedGen:CN517202,intronic,False,Benign
6_66042613_1253521_C,6,66042613,T,C,1253521,snp,ts,,ENST00000503581.1:c.1766+2260A>G,EYS,intron_variant,0.0002,0.0,0.0,0.7402,2.3939,0.913,,0.0,0.268,,0.0,0.011,4.0543,0.0,0.135,,0.1292,0.0115,0.0,,0.0443,,,0.173,4.789,4.809,,,"criteria_provided,_single_submitter",Benign,MedGen:CN517202,intronic,False,Benign
6_66042796_1244058_G,6,66042796,T,G,1244058,snp,tv,rs1360320631,ENST00000503581.1:c.1766+2077A>C,EYS,intron_variant,0.0001,0.0,0.0,0.461,0.7377,0.816,,0.0,0.128,,0.0,0.0084,2.6669,0.0,0.08,,0.0633,0.0115,0.0,,0.0436,,0.001,0.203,1.245,1.269,,,"criteria_provided,_single_submitter",Benign,MedGen:CN517202,intronic,False,Benign
6_66042852_1237250_C,6,66042852,T,C,1237250,snp,ts,,ENST00000503581.1:c.1766+2021A>G,EYS,intron_variant,0.0,0.0,0.0,0.6675,1.7218,0.726,,0.0,0.173,,0.0,0.0084,,0.0,0.112,,0.0915,0.0115,0.0,,0.0431,,0.001,0.198,2.978,3.05,,,"criteria_provided,_single_submitter",Benign,MedGen:CN517202,intronic,False,Benign
7_32091215_1269654_T,7,32091215,A,T,1269654,snp,tv,rs2072182,ENST00000396193.1:c.308+118182T>A,PDE1C,intron_variant,0.0013,0.02,0.64,0.8388,14.4228,1.47,0.13154194,0.01,0.292,0.0,0.0,0.0089,6.8427,0.01,0.229,1.327,0.5174,0.1669,0.03519999980926514,0.05862471800951347,0.4522,0.1639,0.698,1.345,14.66,13.85,,,"criteria_provided,_single_submitter",Benign,MedGen:CN517202,intronic,False,Benign
7_55236020_1287799_C,7,55236020,T,C,1287799,snp,ts,rs12538371&COSV51775010,ENST00000275493.2:c.1881-2848T>C,EGFR,intron_variant,0.0003,0.01,0.01,0.429,0.0934,3.5,,0.01,0.0,,0.002,0.0085,8.0625,0.0,0.089,,0.0463,1.1485,0.08240000158548355,,0.0469,,,1.759,0.27,0.278,,,"criteria_provided,_single_submitter",Benign,MedGen:CN517202,intronic,False,Benign
7_69755311_1243854_T,7,69755311,A,T,1243854,snp,tv,rs138159000,ENST00000342771.4:c.661-145427A>T,AUTS2,intron_variant,0.0001,0.01,0.071,0.5709,5.4317,1.34,,0.01,0.386,0.0,0.002,0.0084,3.0544,0.0,0.083,,0.1317,0.0115,0.0006051299860700965,0.04953747618007995,0.0471,0.1648,,0.166,4.475,3.436,,,"criteria_provided,_single_submitter",Benign,MedGen:CN517202,intronic,False,Benign
7_136635551_1224957_A,7,136635551,T,A,1224957,snp,tv,rs28529003,ENST00000445907.2:c.-46-64016T>A,CHRM2,intron_variant,0.0005,0.0,0.0,0.2388,0.4361,,,0.01,0.041,,0.0,0.0084,,0.0,0.041,0.528,0.0608,0.2625,0.6601999998092651,,0.0463,,0.007,0.118,2.024,2.052,,,"criteria_provided,_single_submitter",Benign,MedGen:CN517202,5primeUTR,False,Benign
7_150652286_671949_G,7,150652286,C,G,671949,snp,tv,rs887586,ENST00000262186.5:c.1128+2093G>C,KCNH2,intron_variant,0.0003,0.0,0.0,0.6004,12.8915,0.422,,0.01,0.248,,0.0,0.0085,4.1266,0.0,0.061,,0.0936,1.5557,0.6789000034332275,,0.0739,,,0.277,6.945,6.764,,,"criteria_provided,_single_submitter",Benign,MedGen:CN517202,intronic,False,Benign
7_154002855_1253122_C,7,154002855,T,C,1253122,snp,ts,rs10251958,ENST00000377770.3:c.244-140444T>C,DPP6,intron_variant,0.0,0.01,0.0,0.514,5.5205,2.17,,0.0,0.06,,0.0,0.0072,3.9167,0.01,0.01,,0.0984,0.2382,0.08259999752044678,,0.0477,,,1.149,2.879,2.475,,,"criteria_provided,_single_submitter",Benign,MedGen:CN517202,intronic,False,Benign
7_154379234_1237202_C,7,154379234,T,C,1237202,snp,ts,rs11243354,ENST00000377770.3:c.628-50297T>C,DPP6,intron_variant,0.0011,0.01,0.0,0.4599,1.0507,5.25,,0.05,0.014,,0.0,0.011,0.4441,0.0,0.01,,0.1123,0.2382,0.2581000030040741,,0.0617,,,0.303,0.372,0.377,,,"criteria_provided,_single_submitter",Benign,MedGen:CN517202,intronic,False,Benign
8_12990270_1294654_G,8,12990270,C,G,1294654,snp,tv,rs35659748&COSV104370990,ENST00000276297.4:c.1349-17104G>C,DLC1,intron_variant,0.0003,0.0,0.003,0.842,4.8504,2.54,,0.02,0.954,,0.0,0.0086,6.5314,0.01,0.017,,0.3971,0.861,0.1534000039100647,,0.0905,,0.008,0.963,13.99,14.33,,,"criteria_provided,_single_submitter",Benign,MedGen:CN517202,intronic,False,Benign
8_12990354_1270187_T,8,12990354,C,T,1270187,snp,ts,rs7013311&COSV104370962,ENST00000276297.4:c.1349-17188G>A,DLC1,intron_variant,0.0239,0.03,0.094,0.9303,4.8504,3.63,,0.06,0.985,,0.026,0.016,13.1421,0.22,0.004,,0.888,0.7056,0.0746999979019165,,0.9661,0.0934,1.0,1.932,16.94,17.31,,,"criteria_provided,_single_submitter",Benign,MedGen:CN517202,intronic,False,Benign
8_12990422_1234906_G,8,12990422,A,G,1234906,snp,ts,rs10107321&COSV52291363,ENST00000276297.4:c.1349-17256T>C,DLC1,intron_variant,0.0011,0.01,0.048,0.2483,4.8504,0.52,0.59653241,0.01,0.477,0.0,0.0,0.0084,1.4904,0.0,0.062,,0.157,0.0828,0.2937000095844269,0.424882857888001,0.154,0.1813,0.067,0.327,9.561,9.4,,,"criteria_provided,_single_submitter",Benign,MedGen:CN517202,intronic,False,Benign
8_17930499_1289625_T,8,17930499,C,T,1289625,snp,ts,rs2283116,ENST00000381733.4:c.174-1600G>A,ASAH1,intron_variant,0.0002,0.01,0.0,0.48,4.8504,0.604,,0.0,0.05,,0.0,0.0072,2.526,0.0,0.096,1.975,0.117,0.1795,0.06080000102519989,,0.0818,,0.004,0.12,3.44,3.774,,,"criteria_provided,_single_submitter",Benign,MedGen:CN517202,intronic,False,Benign
8_17930727_678023_A,8,17930727,G,A,678023,snp,ts,rs6586687&COSV50501732,ENST00000381733.4:c.174-1828C>T,ASAH1,intron_variant,0.0001,0.08,0.002,0.4212,4.8504,0.907,0.12756328,0.0,0.472,0.0,0.002,0.0069,4.1205,0.0,0.103,1.784,0.1361,0.1795,0.4058000147342682,0.5568685404335267,0.0469,0.137,,0.114,5.348,5.833,,,"criteria_provided,_single_submitter",Benign,MedGen:CN517202,intronic,False,Benign
8_17930734_678022_A,8,17930734,C,A,678022,snp,tv,rs7461977&COSV50501735,ENST00000381733.4:c.174-1835G>T,ASAH1,intron_variant,0.0004,0.14,0.05,0.5707,4.8504,1.27,0.10017167,0.02,0.052,0.0,0.0,0.0084,0.8946,0.0,0.087,0.992,0.0644,0.1795,0.40560001134872437,0.5580321764801139,0.0469,0.0589,,0.233,4.942,5.534,,,"criteria_provided,_single_submitter",Benign,MedGen:CN517202,intronic,False,Benign
8_17931117_1233554_T,8,17931117,C,T,1233554,snp,ts,rs35573135,ENST00000381733.4:c.173+1933G>A,ASAH1,intron_variant,0.0004,0.01,0.0,0.6757,4.8504,0.0122,,0.0,0.319,,0.002,0.007,3.71,0.0,0.083,,0.4247,1.3078,0.3474999964237213,,0.0612,,0.011,0.115,7.912,8.824,,,"criteria_provided,_single_submitter",Benign,MedGen:CN517202,intronic,False,Benign
8_94772377_1253209_A,8,94772377,G,A,1253209,snp,ts,rs11994625,ENST00000453321.3:c.406+1573G>A,TMEM67,intron_variant,0.0003,0.01,0.001,0.805,4.8504,1.2,,0.0,0.626,,0.0,0.01,5.7584,0.0,0.074,0.663,0.6134,0.0828,0.2915000021457672,,0.0504,,0.051,0.025,11.61,11.35,,,"criteria_provided,_single_submitter",Benign,MedGen:CN517202,intronic,False,Benign
8_100221520_1267701_A,8,100221520,C,A,1267701,snp,tv,rs9792362,ENST00000358544.2:c.2515+16235C>A,VPS13B,intron_variant,0.0001,0.0,0.0,0.2184,4.8504,,,0.0,0.015,,0.0,0.0085,,0.0,0.033,,0.0608,0.1795,0.7516000270843506,,0.0469,,0.003,1.052,0.545,0.572,,,"criteria_provided,_single_submitter",Benign,MedGen:CN517202,intronic,False,Benign
9_108335831_1182155_C,9,108335831,T,C,1182155,snp,ts,rs114441895,ENST00000223528.2:c.-88-1395T>C,FKTN,intron_variant,0.0001,0.01,0.0,0.3826,4.8504,1.17,,0.02,0.007,,0.0,0.0072,,0.0,0.046,2.068,0.0379,0.0115,0.025499999523162842,,0.0815,,,1.427,0.448,0.469,,,"criteria_provided,_single_submitter",Benign,MedGen:CN517202,5primeUTR,False,Benign
9_108336070_1242033_C,9,108336070,T,C,1242033,snp,ts,rs2518122,ENST00000223528.2:c.-88-1156T>C,FKTN,intron_variant,0.0,0.01,0.047,0.7221,4.8504,1.23,0.41066813,0.03,0.283,,0.0,0.007,5.4231,0.02,0.053,1.495,0.1187,0.0115,0.1225999966263771,0.40769551967719636,0.082,0.0701,0.008,0.514,4.591,4.064,,,"criteria_provided,_single_submitter",Benign,MedGen:CN517202,5primeUTR,False,Benign
9_108336148_1293261_C,9,108336148,T,C,1293261,snp,ts,rs12342071,ENST00000223528.2:c.-88-1078T>C,FKTN,intron_variant,0.0001,0.02,0.003,0.8656,4.8504,2.47,,0.02,0.599,,0.0,0.014,6.9034,0.0,0.052,2.292,0.2004,0.6343,0.10970000177621841,,0.0902,,0.027,2.364,10.69,10.54,,,"criteria_provided,_single_submitter",Benign,MedGen:CN517202,5primeUTR,False,Benign
X_55054001_1244731_A,X,55054001,G,A,1244731,snp,ts,rs57897376,ENST00000330807.5:c.-15-1553C>T,ALAS2,intron_variant,0.0004,0.0,0.001,0.2373,,0.499,,0.0,0.298,,0.0,0.007,5.185,0.0,0.053,1.432,0.2502,0.3773,0.01849599927663803,,0.0563,,0.119,0.649,1.47,1.514,,,"criteria_provided,_single_submitter",Benign,MedGen:CN517202,5primeUTR,False,Benign
X_69080565_1230110_C,X,69080565,T,C,1230110,snp,ts,rs2205009,ENST00000374552.4:c.397-96312T>C,EDA,intron_variant,0.0001,0.0,,0.4844,,0.128,,0.01,0.138,,0.004,0.0085,,,0.029,,0.0331,0.1336,0.5756000280380249,,0.0511,,0.042,0.767,3.111,3.152,,,"criteria_provided,_single_submitter",Benign,MedGen:CN517202,intronic,False,Benign
X_85226669_1252793_G,X,85226669,T,G,1252793,snp,tv,rs2142603&COSV62566332,ENST00000357749.2:c.314+7102A>C,CHM,intron_variant,0.0005,0.01,0.0,0.3193,,,,0.0,0.122,,0.0,0.0088,,0.0,0.029,,0.0228,0.3837,0.44530001282691956,,0.0463,0.01709408088229746,0.04,1.96,1.721,1.724,,,"criteria_provided,_single_submitter",Benign,MedGen:CN517202,intronic,False,Benign
X_85226804_1183153_G,X,85226804,T,G,1183153,snp,tv,rs4570305,ENST00000357749.2:c.314+6967A>C,CHM,intron_variant,0.0002,0.0,0.0,0.2797,,,,0.0,0.24,,0.002,0.0084,,0.0,0.056,,0.1764,0.3837,0.16590000689029694,,0.0463,,0.394,0.077,0.912,0.945,,,"criteria_provided,_single_submitter",Benign,MedGen:CN517202,intronic,False,Benign
X_149671795_724749_T,X,149671795,A,T,724749,snp,tv,rs5970317,ENST00000432680.2:c.1843-6437A>T,MAMLD1,intron_variant,0.0009,0.01,0.001,0.8905,,1.39,0.17849121,0.01,0.921,0.0,0.0,0.0085,4.6741,0.01,0.038,1.392,0.6242,0.1669,0.006515299901366234,0.2847240582136161,0.2558,0.1988,0.323,0.794,16.4,15.66,0.0001,,"criteria_provided,_single_submitter",Benign,MedGen:CN517202,intronic,False,Benign
