#CHROM	POS	REF	ALT	Gene_ID	Gene_name	HGVSc	HGVSg	Exon_number	gnomADg_AF	Effect_category	Source
1	16069334	G	C	ENSG00000162460	TMEM82	ENST00000375782.1:c.93G>C	1:g.16069334G>C	2/6	.	change_sre	adamson_2018
1	16069337	C	T	ENSG00000162460	TMEM82	ENST00000375782.1:c.96C>T	1:g.16069337C>T	2/6	.	change_sre	adamson_2018
1	16069346	T	C	ENSG00000162460	TMEM82	ENST00000375782.1:c.105T>C	1:g.16069346T>C	2/6	0.00047838001046329737	change_sre	adamson_2018
1	16069372	T	G	ENSG00000162460	TMEM82	ENST00000375782.1:c.131T>G	1:g.16069372T>G	2/6	3.1889998354017735e-05	change_sre	adamson_2018
1	16069392	G	A	ENSG00000162460	TMEM82	ENST00000375782.1:c.151G>A	1:g.16069392G>A	2/6	.	change_sre	adamson_2018
1	16069397	T	C	ENSG00000162460	TMEM82	ENST00000375782.1:c.156T>C	1:g.16069397T>C	2/6	0.00022328000341076404	change_sre	adamson_2018
1	115456638	A	T	ENSG00000198765	SYCP1	ENST00000369522.3:c.1690A>T	1:g.115456638A>T	20/32	.	change_sre	adamson_2018
1	119584904	G	T	ENSG00000116874	WARS2	ENST00000235521.4:c.498C>A	1:g.119584904G>T	4/6	.	change_sre	adamson_2018
1	119584911	T	A	ENSG00000116874	WARS2	ENST00000235521.4:c.491A>T	1:g.119584911T>A	4/6	.	change_sre	adamson_2018
1	119584915	G	A	ENSG00000116874	WARS2	ENST00000235521.4:c.487C>T	1:g.119584915G>A	4/6	.	change_sre	adamson_2018
1	119584933	G	A	ENSG00000116874	WARS2	ENST00000235521.4:c.469C>T	1:g.119584933G>A	4/6	0.00012755999341607094	change_sre	adamson_2018
1	119584951	G	A	ENSG00000116874	WARS2	ENST00000235521.4:c.451C>T	1:g.119584951G>A	4/6	.	change_sre	adamson_2018
1	119584954	T	C	ENSG00000116874	WARS2	ENST00000235521.4:c.448A>G	1:g.119584954T>C	4/6	.	change_sre	adamson_2018
1	155173021	C	T	ENSG00000169231	THBS3	 ENST00000368378.3:c.749G>A     	1:g.155173021C>T	6/23	3.184700108249672e-0	change_sre	adamson_2018
1	162487905	T	C	ENSG00000152332	UHMK1	ENST00000489294.1:c.1038T>C	1:g.162487905T>C	7/8	3.1861000024946406e-05	change_sre	adamson_2018
1	162487939	G	A	ENSG00000152332	UHMK1	ENST00000489294.1:c.1072G>A	1:g.162487939G>A	7/8	.	change_sre	adamson_2018
1	162487972	A	G	ENSG00000152332	UHMK1	ENST00000489294.1:c.1105A>G	1:g.162487972A>G	7/8	.	change_sre	adamson_2018
1	162487973	G	C	ENSG00000152332	UHMK1	ENST00000489294.1:c.1106G>C	1:g.162487973G>C	7/8	.	change_sre	adamson_2018
1	230910341	G	A	ENSG00000135773	CAPN9	ENST00000271971.2:c.917G>A	1:g.230910341G>A	8/20	.	change_sre	adamson_2018
1	230910349	C	T	ENSG00000135773	CAPN9	ENST00000271971.2:c.925C>T	1:g.230910349C>T	8/20	3.186500180163421e-05	change_sre	adamson_2018
1	230910351	C	T	ENSG00000135773	CAPN9	ENST00000271971.2:c.927C>T	1:g.230910351C>T	8/20	.	change_sre	adamson_2018
1	230910372	A	G	ENSG00000135773	CAPN9	ENST00000271971.2:c.948A>G	1:g.230910372A>G	8/20	3.18710008286871e-05	change_sre	adamson_2018
10	33134228	T	A	ENSG00000150076	C10ORF68	ENST00000375025.4:c.1331T>A	10:g.33134228T>A	14/22	.	change_sre	adamson_2018
10	33134231	A	G	ENSG00000150076	C10ORF68	ENST00000375025.4:c.1334A>G	10:g.33134231A>G	14/22	.	change_sre	adamson_2018
10	70145871	C	T	ENSG00000204130	RUFY2	ENST00000388768.2:c.770G>A	10:g.70145871C>T	8/18	.	change_sre	adamson_2018
10	114724317	C	T	ENSG00000148737	TCF7L2	ENST00000543371.1:c.384C>T	10:g.114724317C>T	4/14	.	change_sre	adamson_2018
10	114724336	A	G	ENSG00000148737	TCF7L2	ENST00000543371.1:c.403A>G	10:g.114724336A>G	4/14	.	change_sre	adamson_2018
10	114724340	A	G	ENSG00000148737	TCF7L2	ENST00000543371.1:c.407A>G	10:g.114724340A>G	4/14	.	change_sre	adamson_2018
10	114724350	G	A	ENSG00000148737	TCF7L2	ENST00000543371.1:c.417G>A	10:g.114724350G>A	4/14	6.370600021909922e-05	change_sre	adamson_2018
11	65387839	G	A	ENSG00000197136	PCNXL3	ENST00000355703.3:c.2038G>A	11:g.65387839G>A	9/35	.	change_sre	adamson_2018
11	65387877	G	A	ENSG00000197136	PCNXL3	ENST00000355703.3:c.2076G>A	11:g.65387877G>A	9/35	.	change_sre	adamson_2018
11	65387890	A	G	ENSG00000197136	PCNXL3	ENST00000355703.3:c.2089A>G	11:g.65387890A>G	9/35	3.1878000299911946e-05	change_sre	adamson_2018
11	85623707	T	C	ENSG00000150676	CCDC83	ENST00000280245.4:c.810T>C	11:g.85623707T>C	9/12	.	change_sre	adamson_2018
12	64017841	C	A	ENSG00000177990	DPY19L2	ENST00000324472.4:c.932G>T	12:g.64017841C>A	8/22	6.371000199578702e-05	change_sre	adamson_2018
12	96063877	A	G	ENSG00000074527	NTN4	ENST00000343702.4:c.1556T>C	12:g.96063877A>G	8/10	.	change_sre	adamson_2018
14	92477394	T	C	ENSG00000100815	TRIP11	ENST00000267622.4:c.1250A>G	14:g.92477394T>C	9/21	.	change_sre	adamson_2018
16	160583	G	A	ENSG00000103148	NPRL3	ENST00000399953.3:c.569C>T	16:g.160583G>A	6/14	.	change_sre	adamson_2018
16	31122622	G	A	ENSG00000103507	BCKDK	ENST00000394951.1:c.847G>A	16:g.31122622G>A	11/13	.	change_sre	adamson_2018
16	67690718	C	G	ENSG00000159753	RLTPR	ENST00000334583.6:c.4051C>G	16:g.67690718C>G	36/38	.	change_sre	adamson_2018
16	67690719	C	T	ENSG00000159753	RLTPR	ENST00000334583.6:c.4052C>T	16:g.67690719C>T	36/38	.	change_sre	adamson_2018
16	67690720	G	A	ENSG00000159753	RLTPR	ENST00000334583.6:c.4053G>A	16:g.67690720G>A	36/38	9.558400051901117e-05	change_sre	adamson_2018
16	67690731	C	T	ENSG00000159753	RLTPR	ENST00000334583.6:c.4064C>T	16:g.67690731C>T	36/38	.	change_sre	adamson_2018
16	67690732	G	A	ENSG00000159753	RLTPR	ENST00000334583.6:c.4065G>A	16:g.67690732G>A	36/38	.	change_sre	adamson_2018
16	67690742	C	T	ENSG00000159753	RLTPR	ENST00000334583.6:c.4075C>T	16:g.67690742C>T	36/38	.	change_sre	adamson_2018
16	67690743	G	A	ENSG00000159753	RLTPR	ENST00000334583.6:c.4076G>A	16:g.67690743G>A	36/38	0.00012743999832309783	change_sre	adamson_2018
16	67690746	C	T	ENSG00000159753	RLTPR	ENST00000334583.6:c.4079C>T	16:g.67690746C>T	36/38	0.00012741000682581216	change_sre	adamson_2018
16	67690760	G	A	ENSG00000159753	RLTPR	ENST00000334583.6:c.4093G>A	16:g.67690760G>A	36/38	.	change_sre	adamson_2018
17	7950006	A	G	ENSG00000179593	ALOX15B	ENST00000380183.4:c.1221A>G	17:g.7950006A>G	9/14	.	change_sre	adamson_2018
17	7950012	C	T	ENSG00000179593	ALOX15B	ENST00000380183.4:c.1227C>T	17:g.7950012C>T	9/14	.	change_sre	adamson_2018
17	7950021	C	G	ENSG00000179593	ALOX15B	ENST00000380183.4:c.1236C>G	17:g.7950021C>G	9/14	6.369000038830563e-05	change_sre	adamson_2018
17	7950031	G	T	ENSG00000179593	ALOX15B	ENST00000380183.4:c.1246G>T	17:g.7950031G>T	9/14	3.1858999136602506e-05	change_sre	adamson_2018
17	7950035	G	A	ENSG00000179593	ALOX15B	ENST00000380183.4:c.1250G>A	17:g.7950035G>A	9/14	.	change_sre	adamson_2018
17	18159877	G	A	ENSG00000177731	FLII	ENST00000327031.4:c.209C>T	17:g.18159877G>A	3/30	.	change_sre	adamson_2018
17	19449753	C	G	ENSG00000142494	SLC47A1	ENST00000270570.4:c.243C>G	17:g.19449753C>G	3/17	.	change_sre	adamson_2018
17	19449762	TG	T	ENSG00000142494	SLC47A1	ENST00000270570.4:c.254del	17:g.19449764del	3/17	.	change_sre	adamson_2018
17	19449781	G	A	ENSG00000142494	SLC47A1	ENST00000270570.4:c.271G>A	17:g.19449781G>A	3/17	0.00012750999303534627	change_sre	adamson_2018
17	48541180	G	A	ENSG00000167107	ACSF2	ENST00000300441.4:c.1048G>A	17:g.48541180G>A	9/16	.	change_sre	adamson_2018
17	48541187	T	C	ENSG00000167107	ACSF2	ENST00000300441.4:c.1055T>C	17:g.48541187T>C	9/16	.	change_sre	adamson_2018
17	48541194	T	C	ENSG00000167107	ACSF2	ENST00000300441.4:c.1062T>C	17:g.48541194T>C	9/16	.	change_sre	adamson_2018
17	48541206	G	A	ENSG00000167107	ACSF2	ENST00000300441.4:c.1074G>A	17:g.48541206G>A	9/16	9.558400051901117e-05	change_sre	adamson_2018
17	48541212	C	T	ENSG00000167107	ACSF2	ENST00000300441.4:c.1080C>T	17:g.48541212C>T	9/16	6.373100040946156e-05	change_sre	adamson_2018
17	48541221	T	A	ENSG00000167107	ACSF2	ENST00000300441.4:c.1089T>A	17:g.48541221T>A	9/16	.	change_sre	adamson_2018
18	23615847	T	A	ENSG00000141380	SS18	ENST00000415083.2:c.921A>T	18:g.23615847T>A	8/11	.	change_sre	adamson_2018
18	23615874	G	A	ENSG00000141380	SS18	ENST00000415083.2:c.894C>T	18:g.23615874G>A	8/11	.	change_sre	adamson_2018
19	33512501	G	A	ENSG00000131941	RHPN2	ENST00000254260.3:c.366C>T	19:g.33512501G>A	4/15	0.002579800086095929	change_sre	adamson_2018
19	33512502	T	C	ENSG00000131941	RHPN2	ENST00000254260.3:c.365A>G	19:g.33512502T>C	4/15	.	change_sre	adamson_2018
19	33512531	C	G	ENSG00000131941	RHPN2	ENST00000254260.3:c.336G>C	19:g.33512531C>G	4/15	.	change_sre	adamson_2018
19	37961212	G	T	ENSG00000171827	ZNF570	ENST00000330173.1:c.-45G>T	19:g.37961212G>T	2/5	.	change_sre	adamson_2018
19	37961223	T	G	ENSG00000171827	ZNF570	ENST00000330173.1:c.-34T>G	19:g.37961223T>G	2/5	6.370600021909922e-05	change_sre	adamson_2018
19	37961251	G	T	ENSG00000171827	ZNF570	ENST00000330173.1:c.-6G>T	19:g.37961251G>T	2/5	.	change_sre	adamson_2018
19	37961255	G	A	ENSG00000171827	ZNF570	ENST00000330173.1:c.-2G>A	19:g.37961255G>A	2/5	.	change_sre	adamson_2018
2	24240168	C	G	ENSG00000205639	MFSD2B	ENST00000406420.3:c.484C>G	2:g.24240168C>G	5/13	3.1891999242361635e-05	change_sre	adamson_2018
2	24240170	C	T	ENSG00000205639	MFSD2B	ENST00000406420.3:c.486C>T	2:g.24240170C>T	5/13	.	change_sre	adamson_2018
2	24240194	G	A	ENSG00000205639	MFSD2B	ENST00000406420.3:c.510G>A	2:g.24240194G>A	5/13	.	change_sre	adamson_2018
2	24240214	G	A	ENSG00000205639	MFSD2B	ENST00000406420.3:c.530G>A	2:g.24240214G>A	5/13	.	change_sre	adamson_2018
2	24240227	C	T	ENSG00000205639	MFSD2B	ENST00000406420.3:c.543C>T	2:g.24240227C>T	5/13	.	change_sre	adamson_2018
2	48722859	C	G	ENSG00000162869	PPP1R21	ENST00000294952.8:c.1641C>G	2:g.48722859C>G	16/22	.	change_sre	adamson_2018
2	48722861	G	A	ENSG00000162869	PPP1R21	ENST00000294952.8:c.1643G>A	2:g.48722861G>A	16/22	.	change_sre	adamson_2018
2	61147528	G	A	ENSG00000162924	REL	ENST00000295025.8:c.933G>A	2:g.61147528G>A	9/11	.	change_sre	adamson_2018
2	61147570	A	G	ENSG00000162924	REL	ENST00000295025.8:c.975A>G	2:g.61147570A>G	9/11	.	change_sre	adamson_2018
2	61147581	C	T	ENSG00000162924	REL	ENST00000295025.8:c.986C>T	2:g.61147581C>T	9/11	.	change_sre	adamson_2018
2	171358299	G	A	ENSG00000071909	MYO3B	ENST00000408978.4:c.3294G>A	2:g.171358299G>A	28/35	.	change_sre	adamson_2018
2	171358365	T	A	ENSG00000071909	MYO3B	ENST00000408978.4:c.3360T>A	2:g.171358365T>A	28/35	.	change_sre	adamson_2018
20	35860707	C	G	ENSG00000118705	RPN2	ENST00000237530.6:c.1590C>G	20:g.35860707C>G	14/17	.	change_sre	adamson_2018
20	35860708	C	T	ENSG00000118705	RPN2	ENST00000237530.6:c.1591C>T	20:g.35860708C>T	14/17	.	change_sre	adamson_2018
20	35860734	C	T	ENSG00000118705	RPN2	ENST00000237530.6:c.1617C>T	20:g.35860734C>T	14/17	3.185099922120571e-05	change_sre	adamson_2018
20	35860744	A	G	ENSG00000118705	RPN2	ENST00000237530.6:c.1627A>G	20:g.35860744A>G	14/17	.	change_sre	adamson_2018
20	35860753	A	G	ENSG00000118705	RPN2	ENST00000237530.6:c.1636A>G	20:g.35860753A>G	14/17	.	change_sre	adamson_2018
20	35860755	T	G	ENSG00000118705	RPN2	ENST00000237530.6:c.1638T>G	20:g.35860755T>G	14/17	.	change_sre	adamson_2018
20	35860771	C	G	ENSG00000118705	RPN2	ENST00000237530.6:c.1654C>G	20:g.35860771C>G	14/17	.	change_sre	adamson_2018
20	35860782	G	A	ENSG00000118705	RPN2	ENST00000237530.6:c.1665G>A	20:g.35860782G>A	14/17	.	change_sre	adamson_2018
20	35860789	G	A	ENSG00000118705	RPN2	ENST00000237530.6:c.1672G>A	20:g.35860789G>A	14/17	9.555400174576789e-05	change_sre	adamson_2018
21	15538701	G	C	ENSG00000188992	LIPI	ENST00000344577.2:c.778C>G	21:g.15538701G>C	5/10	0.00012741000682581216	change_sre	adamson_2018
21	15538703	C	G	ENSG00000188992	LIPI	ENST00000344577.2:c.776G>C	21:g.15538703C>G	5/10	.	change_sre	adamson_2018
21	15538753	G	A	ENSG00000188992	LIPI	ENST00000344577.2:c.726C>T	21:g.15538753G>A	5/10	.	change_sre	adamson_2018
22	17990920	A	C	ENSG00000099954	CECR2	ENST00000262608.8:c.823A>C	22:g.17990920A>C	7/18	0.0002866199938580394	change_sre	adamson_2018
22	30384469	G	C	ENSG00000100330	MTMR3	ENST00000401950.2:c.211G>C	22:g.30384469G>C	6/20	.	change_sre	adamson_2018
22	44592248	C	T	ENSG00000138964	PARVG	ENST00000444313.3:c.664C>T	22:g.44592248C>T	11/14	.	change_sre	adamson_2018
22	44592291	C	A	ENSG00000138964	PARVG	ENST00000444313.3:c.707C>A	22:g.44592291C>A	11/14	.	change_sre	adamson_2018
3	10132026	C	T	ENSG00000144554	FANCD2	ENST00000287647.3:c.3734C>T	3:g.10132026C>T	37/43	3.20250001095701e-05	change_sre	adamson_2018
3	10132050	C	T	ENSG00000144554	FANCD2	ENST00000287647.3:c.3758C>T	3:g.10132050C>T	37/43	.	change_sre	adamson_2018
3	38134358	G	A	ENSG00000008226	DLEC1	ENST00000308059.6:c.1743G>A	3:g.38134358G>A	11/37	.	change_sre	adamson_2018
3	52019928	A	G	ENSG00000114786	ABHD14A-ACY1	ENST00000463937.1:c.628A>G	3:g.52019928A>G	6/16	3.1856998248258606e-05	change_sre	adamson_2018
3	112326074	A	G	ENSG00000091986	CCDC80	ENST00000206423.3:c.2455T>C	3:g.112326074A>G	7/8	.	change_sre	adamson_2018
3	121001158	C	T	ENSG00000145087	STXBP5L	ENST00000273666.6:c.2156C>T	3:g.121001158C>T	20/28	.	change_sre	adamson_2018
3	170857269	G	A	ENSG00000154310	TNIK	ENST00000436636.2:c.1409C>T	3:g.170857269G>A	14/33	.	change_sre	adamson_2018
4	78870955	A	G	ENSG00000169288	MRPL1	ENST00000315567.8:c.782A>G	4:g.78870955A>G	8/9	.	change_sre	adamson_2018
4	78870961	C	T	ENSG00000169288	MRPL1	ENST00000315567.8:c.788C>T	4:g.78870961C>T	8/9	.	change_sre	adamson_2018
6	31664752	T	C	ENSG00000204427	ABHD16A	ENST00000395952.3:c.402A>G	6:g.31664752T>C	5/20	3.185099922120571e-05	change_sre	adamson_2018
6	31664802	G	A	ENSG00000204422	XXbac-BPG32J3.20	ENST00000461287.1:c.*305C>T	6:g.31664802G>A	7/22	.	change_sre	adamson_2018
6	32180610	G	A	ENSG00000204301	NOTCH4	ENST00000375023.3:c.2517C>T	6:g.32180610G>A	16/30	.	change_sre	adamson_2018
6	135509041	C	T	ENSG00000118513	MYB	ENST00000341911.5:c.211C>T	6:g.135509041C>T	3/16	.	change_sre	adamson_2018
9	4604204	T	C	ENSG00000106686	SPATA6L	ENST00000475086.1:c.981A>G	9:g.4604204T>C	10/11	.	change_sre	adamson_2018
9	4604212	T	G	ENSG00000106686	SPATA6L	ENST00000475086.1:c.973A>C	9:g.4604212T>G	10/11	.	change_sre	adamson_2018
9	134369804	T	C	ENSG00000130723	PRRC2B	ENST00000357304.4:c.6486T>C	9:g.134369804T>C	30/31	.	change_sre	adamson_2018
9	134369820	C	T	ENSG00000130723	PRRC2B	ENST00000357304.4:c.6502C>T	9:g.134369820C>T	30/31	3.184500019415282e-05	change_sre	adamson_2018
9	136273916	A	G	ENSG00000148300	REXO4	ENST00000371942.3:c.1050T>C	9:g.136273916A>G	6/8	.	change_sre	adamson_2018
9	139749284	A	C	ENSG00000177943	MAMDC4	ENST00000317446.2:c.1005A>C	9:g.139749284A>C	9/27	.	change_sre	adamson_2018
9	139749289	C	A	ENSG00000177943	MAMDC4	ENST00000317446.2:c.1010C>A	9:g.139749289C>A	9/27	.	change_sre	adamson_2018
X	44910995	G	A	ENSG00000147050	KDM6A	ENST00000377967.4:c.696G>A	X:g.44910995G>A	9/29	.	change_sre	adamson_2018
X	44911001	A	G	ENSG00000147050	KDM6A	ENST00000377967.4:c.702A>G	X:g.44911001A>G	9/29	.	change_sre	adamson_2018
X	44911005	A	C	ENSG00000147050	KDM6A	ENST00000377967.4:c.706A>C	X:g.44911005A>C	9/29	.	change_sre	adamson_2018
X	107413222	T	C	ENSG00000197565	COL4A6	ENST00000372216.4:c.3521A>G	X:g.107413222T>C	36/45	4.58229987998493e-05	change_sre	adamson_2018
