#CHROM	POS	REF	ALT	ID	HGVSc	Gene	SYMBOL	INTRON	HGVSg	gnomADg_AF
1	94483922	G	T	ABCA4:c.5196+1216C>A	ENST00000370225.3:c.5196+1216C>A	ENSG00000198691	ABCA4	36/49	1:g.94483922G>T	.
1	94484001	C	T	ABCA4:c.5196+1137G>A	ENST00000370225.3:c.5196+1137G>A	ENSG00000198691	ABCA4	36/49	1:g.94484001C>T	9.558400051901117e-05
1	94484125	T	C	ABCA4:c.5196+1013A>G	ENST00000370225.3:c.5196+1013A>G	ENSG00000198691	ABCA4	36/49	1:g.94484125T>C	.
1	94492973	G	A	ABCA4:c.4539+2028C>T	ENST00000370225.3:c.4539+2028C>T	ENSG00000198691	ABCA4	30/49	1:g.94492973G>A	6.370600021909922e-05
1	94493000	C	T	ABCA4:c.4539+2001G>A	ENST00000370225.3:c.4539+2001G>A	ENSG00000198691	ABCA4	30/49	1:g.94493000C>T	3.184899833286181e-05
1	94493895	G	A	ABCA4:c.4539+1106C>T	ENST00000370225.3:c.4539+1106C>T	ENSG00000198691	ABCA4	30/49	1:g.94493895G>A	.
1	94493901	T	C	ABCA4:c.4539+1100A>G	ENST00000370225.3:c.4539+1100A>G	ENSG00000198691	ABCA4	30/49	1:g.94493901T>C	.
1	94495923	C	T	ABCA4:c.4352+61G>A	ENST00000370225.3:c.4352+61G>A	ENSG00000198691	ABCA4	29/49	1:g.94495923C>T	.
1	94496509	C	T	ABCA4:c.4253+43G>A	ENST00000370225.3:c.4253+43G>A	ENSG00000198691	ABCA4	28/49	1:g.94496509C>T	0.0044921999797225
1	94509799	G	A	ABCA4:c.3050+370C>T	ENST00000370225.3:c.3050+370C>T	ENSG00000198691	ABCA4	20/49	1:g.94509799G>A	.
1	94511126	A	T	ABCA4:c.2919-826T>A	ENST00000370225.3:c.2919-826T>A	ENSG00000198691	ABCA4	19/49	1:g.94511126A>T	.
1	94525509	T	C	ABCA4:c.2160+584A>G	ENST00000370225.3:c.2160+584A>G	ENSG00000198691	ABCA4	14/49	1:g.94525509T>C	.
1	94526934	T	C	ABCA4:c.1938-619A>G	ENST00000370225.3:c.1938-619A>G	ENSG00000198691	ABCA4	13/49	1:g.94526934T>C	.
1	94527698	G	C	ABCA4:c.1937+435C>G	ENST00000370225.3:c.1937+435C>G	ENSG00000198691	ABCA4	13/49	1:g.94527698G>C	.
1	94546299	T	C	ABCA4:c.859-25A>G	ENST00000370225.3:c.859-25A>G	ENSG00000198691	ABCA4	7/49	1:g.94546299T>C	.
1	94546780	C	G	ABCA4:c.859-506G>C	ENST00000370225.3:c.859-506G>C	ENSG00000198691	ABCA4	7/49	1:g.94546780C>G	.
1	94549781	G	A	ABCA4:c.769-784C>T	ENST00000370225.3:c.769-784C>T	ENSG00000198691	ABCA4	6/49	1:g.94549781G>A	0.0028333000373095274
1	155206890	G	T	GBA:c.999+242C>A	ENST00000327247.5:c.999+242C>A	ENSG00000177628	GBA	8/11	1:g.155206890G>T	.
1	161284289	A	G	SDHC:c.20+74A>G	ENST00000367975.2:c.20+74A>G	ENSG00000143252	SDHC	1/5	1:g.161284289A>G	.
1	216041166	G	C	USH2A:c8682-654C>G	ENST00000307340.3:c.8682-654C>G	ENSG00000042781	USH2A	43/71	1:g.216041166G>C	3.183499939041212e-05
1	216064540	T	C	USH2A:c.7595-2144A>G	ENST00000307340.3:c.7595-2144A>G	ENSG00000042781	USH2A	40/71	1:g.216064540T>C	6.368199683493003e-05
1	216523906	C	A	USH2A:c.784+14389G>T	ENST00000307340.3:c.784+14389G>T	ENSG00000042781	USH2A	4/71	1:g.216523906C>A	0.000478130008559674
2	15567431	C	G	NBAS:c.2423+404G>C	ENST00000281513.5:c.2423+404G>C	ENSG00000151779	NBAS	22/51	2:g.15567431C>G	6.372699863277376e-05
2	26502265	A	G	HADHB:c.811+82A>G	ENST00000317799.5:c.811+82A>G	ENSG00000138029	HADHB	9/15	2:g.26502265A>G	6.374700024025515e-05
2	71900503	C	T	ENST00000258104.7:c.5668-824C>T	ENST00000410020.3:c.5785-824C>T	ENSG00000135636	DYSF	51/55	2:g.71900503C>T	.
2	112582942	G	A	ANAPC1:c.2705-198C>T	ENST00000341068.3:c.2705-198C>T	ENSG00000153107	ANAPC1	22/47	2:g.112582942G>A	6.371500057866797e-05
2	166863768	A	G	SCN1A:c.4002+2461T>C	ENST00000303395.4:c.4002+2461T>C	ENSG00000144285	SCN1A	20/25	2:g.166863768A>G	.
2	220289644	G	A	DES:c.1289-741G>A	ENST00000373960.3:c.1289-741G>A	ENSG00000175084	DES	7/8	2:g.220289644G>A	.
2	227952667	A	T	COL4A4:c.1623+702T>A	ENST00000396625.3:c.1623+702T>A	ENSG00000081052	COL4A4	22/47	2:g.227952667A>T	.
2	228009296	GATTA	G	COL4A4:c.72-26_72-23delTAAT	ENST00000396625.3:c.72-26_72-23del	ENSG00000081052	COL4A4	2/47	2:g.228009300_228009303del	.
3	10184488	C	G	VHL:c.340+617C>G	ENST00000256474.2:c.340+617C>G	ENSG00000134086	VHL	1/2	3:g.10184488C>G	.
3	10184519	T	C	VHL:c.340+648T>C	ENST00000256474.2:c.340+648T>C	ENSG00000134086	VHL	1/2	3:g.10184519T>C	0.013094999827444553
3	10184553	T	C	VHL:c.340+682T>C	ENST00000256474.2:c.340+682T>C	ENSG00000134086	VHL	1/2	3:g.10184553T>C	.
3	10184641	T	C	VHL:c.340+770T>C	ENST00000256474.2:c.340+770T>C	ENSG00000134086	VHL	1/2	3:g.10184641T>C	3.1858999136602506e-05
3	10184687	A	C	VHL:c.340+816A>C	ENST00000256474.2:c.340+816A>C	ENSG00000134086	VHL	1/2	3:g.10184687A>C	.
3	119234712	A	G	TIMMDC1:c.597-1340A>G	ENST00000494664.1:c.597-1340A>G	ENSG00000113845	TIMMDC1	5/6	3:g.119234712A>G	9.558400051901117e-05
3	120396773	T	G	HGD:c.16-2063A>C	ENST00000283871.5:c.16-2063A>C	ENSG00000113924	HGD	1/13	3:g.120396773T>G	3.183700027875602e-05
3	132436749	G	C	NPHP3:c.671-996C>G	ENST00000337331.5:c.671-996C>G	ENSG00000113971	NPHP3	3/26	3:g.132436749G>C	.
3	150660197	A	C	CLRN1:c.254-649T>G	ENST00000328863.4:c.254-649T>G	ENSG00000163646	CLRN1	1/3	3:g.150660197A>C	.
3	158367854	G	A	ENST00000486715:c.689+908G>A	ENST00000486715.1:c.689+908G>A	ENSG00000168827	GFM1	5/17	3:g.158367854G>A	.
3	193362516	A	G	OPA1:c1608+622A>G	ENST00000361908.3:c.1554+622A>G	ENSG00000198836	OPA1	15/29	3:g.193362516A>G	.
4	15989860	T	C	PROM1:c.2077-521A>G	ENST00000510224.1:c.2077-521A>G	ENSG00000007062	PROM1	19/27	4:g.15989860T>C	.
4	56284334	G	A	TMEM165:c.792+182G>A	ENST00000381334.5:c.792+182G>A	ENSG00000134851	TMEM165	4/5	4:g.56284334G>A	3.1840998417465016e-05
5	36975238	G	C	NIPBL:c.869-640G>C	ENST00000282516.8:c.869-640G>C	ENSG00000164190	NIPBL	8/46	5:g.36975238G>C	.
5	37012396	C	T	ENST00000282516:c.4560+2069C>T	ENST00000282516.8:c.4560+2069C>T	ENSG00000164190	NIPBL	21/46	5:g.37012396C>T	.
5	37031001	C	T	NIPBL:c.5862+3487C>T	ENST00000282516.8:c.5862+3487C>T	ENSG00000164190	NIPBL	32/46	5:g.37031001C>T	.
5	37164443	C	T	ENST00000425232.2:c.7534-14G>A	ENST00000425232.2:c.7534-14G>A	ENSG00000197603	C5orf42	36/51	5:g.37164443C>T	.
5	60223572	C	G	NM_000082.3:c.173+1119G>C	ENST00000265038.5:c.173+1119G>C	ENSG00000049167	ERCC8	2/11	5:g.60223572C>G	6.375899829436094e-05
5	78180826	T	C	ARSB:c.1142+581A>G	ENST00000264914.4:c.1142+581A>G	ENSG00000113273	ARSB	5/7	5:g.78180826T>C	.
5	90099416	A	G	ADGRV1:c.14661+717A>G	ENST00000405460.2:c.14661+717A>G	ENSG00000164199	GPR98	71/89	5:g.90099416A>G	.
5	178414570	A	AT	GRM6:c.1355-587dup	ENST00000231188.5:c.1355-587dup	ENSG00000113262	GRM6	6/9	5:g.178414571dup	.
6	6225105	C	T	ENST00000264870:c.799-12G>A	ENST00000264870.3:c.799-12G>A	ENSG00000124491	F13A1	6/14	6:g.6225105C>T	.
6	35477388	C	T	TULP1:c.718+23G>A	ENST00000229771.6:c.718+23G>A	ENSG00000112041	TULP1	7/14	6:g.35477388C>T	.
6	65229204	T	C	EYS:c.5644+70912A>G	ENST00000503581.1:c.5644+70912A>G	ENSG00000188107	EYS	26/42	6:g.65229204T>C	.
7	117229521	A	G	CFTR:c.1679+1634A>G	ENST00000003084.6:c.1680-886A>G	ENSG00000001626	CFTR	12/26	7:g.117229521A>G	.
7	117288374	A	G	CFTR:c.3874-4522A>G	ENST00000003084.6:c.3874-4522A>G	ENSG00000001626	CFTR	23/26	7:g.117288374A>G	.
7	150642918	C	A	KCNH2:c.3331-316G>T	ENST00000262186.5:c.3331-316G>T	ENSG00000055118	KCNH2	14/14	7:g.150642918C>A	.
8	42328683	C	T	SLC20A2:c.289+937G>A	ENST00000342228.3:c.289+937G>A	ENSG00000168575	SLC20A2	2/10	8:g.42328683C>T	.
8	61757392	C	T	CHD7:c.4851-31C>T	ENST00000423902.2:c.4851-31C>T	ENSG00000171316	CHD7	21/37	8:g.61757392C>T	0.0001910599967231974
8	75272349	A	G	GDAP1:c.311-23A>G	ENST00000220822.7:c.311-23A>G	ENSG00000104381	GDAP1	2/5	8:g.75272349A>G	.
8	87617644	C	T	ENST00000320005:c.1663-1205G>A	ENST00000320005.5:c.1663-1205G>A	ENSG00000170289	CNGB3	14/17	8:g.87617644C>T	.
8	87618576	G	A	ENST00000320005:c.1663-2137C>T	ENST00000320005.5:c.1663-2137C>T	ENSG00000170289	CNGB3	14/17	8:g.87618576G>A	.
8	87674402	T	A	CNGB3:c.852+4751A>T	ENST00000320005.5:c.852+4751A>T	ENSG00000170289	CNGB3	6/17	8:g.87674402T>A	.
8	96048588	C	T	ENST00000396124.4:c.420+784C>T	ENST00000396124.4:c.420+784C>T	ENSG00000156170	NDUFAF6	3/8	8:g.96048588C>T	.
9	21968795	A	C	ENST00000304494.9:c.458-554T>G	ENST00000498124.1:c.458-25T>G	ENSG00000147889	CDKN2A	2/3	9:g.21968795A>C	.
9	34649951	A	G	GALT:c.1059+390A>G	ENST00000378842.3:c.1059+390A>G	ENSG00000213930	GALT	10/10	9:g.34649951A>G	.
9	86590455	T	C	HNRNPK:c.214-35A>G	ENST00000376263.3:c.214-35A>G	ENSG00000165119	HNRNPK	5/16	9:g.86590455T>C	.
9	94539066	A	G	ROR2:c.98-966T>C	ENST00000375708.3:c.98-966T>C	ENSG00000169071	ROR2	1/8	9:g.94539066A>G	.
9	135173806	T	C	SETX:c.5549-107A>G	ENST00000224140.5:c.5549-107A>G	ENSG00000107290	SETX	12/25	9:g.135173806T>C	.
10	55597057	A	C	PCDH15:c3998+3023T>G	ENST00000361849.3:c.3983+3023T>G	ENSG00000150275	PCDH15	29/33	10:g.55597057A>C	.
10	79783995	G	A	POLR3A:c.645+312C>T	ENST00000372371.3:c.645+312C>T	ENSG00000148606	POLR3A	5/30	10:g.79783995G>A	.
11	47354550	A	C	MYBPC3:c.3331-26T>G	ENST00000545968.1:c.3331-26T>G	ENSG00000134571	MYBPC3	30/34	11:g.47354550A>C	.
11	47361910	C	A	MYBPC3:c.1928-569G>T	ENST00000545968.1:c.1928-569G>T	ENSG00000134571	MYBPC3	20/34	11:g.47361910C>A	.
11	47361954	G	A	ENST00000545968:c.1927+600C>T	ENST00000545968.1:c.1927+600C>T	ENSG00000134571	MYBPC3	20/34	11:g.47361954G>A	.
11	47364834	T	C	MYBPC3:c.1224-21A>G	ENST00000545968.1:c.1224-21A>G	ENSG00000134571	MYBPC3	13/34	11:g.47364834T>C	.
11	47364865	C	T	MYBPC3:c.1224-52G>A	ENST00000545968.1:c.1224-52G>A	ENSG00000134571	MYBPC3	13/34	11:g.47364865C>T	3.1914001738186926e-05
11	47364893	C	T	ENST00000545968:c.1224-80G>A	ENST00000545968.1:c.1224-80G>A	ENSG00000134571	MYBPC3	13/34	11:g.47364893C>T	6.376700184773654e-05
11	47365750	T	G	MYBPC3:c.1091-575A>C	ENST00000545968.1:c.1091-575A>C	ENSG00000134571	MYBPC3	12/34	11:g.47365750T>G	.
11	47367305	G	A	MYBPC3:c.1090+453C>T	ENST00000545968.1:c.1090+453C>T	ENSG00000134571	MYBPC3	12/34	11:g.47367305G>A	.
11	47368616	C	T	ENST00000545968:c.906-36G>A	ENST00000545968.1:c.906-36G>A	ENSG00000134571	MYBPC3	9/34	11:g.47368616C>T	.
11	57365567	G	T	SERPING1:c.-22-155G>T	ENST00000278407.4:c.-22-155G>T	ENSG00000149131	SERPING1	1/7	11:g.57365567G>T	.
11	57374404	A	G	SERPING1:c.1029+384A>G	ENST00000278407.4:c.1029+384A>G	ENSG00000149131	SERPING1	6/7	11:g.57374404A>G	.
11	66287067	A	T	BBS1:c.592-21A>T	ENST00000318312.7:c.592-21A>T	ENSG00000174483	BBS1	7/16	11:g.66287067A>T	.
11	66618867	G	A	PC:c.1983-116C>T	ENST00000393960.1:c.1983-116C>T	ENSG00000173599	PC	16/22	11:g.66618867G>A	.
11	68697719	C	A	IGHMBP2:c.1235+894C>A	ENST00000255078.3:c.1235+894C>A	ENSG00000132740	IGHMBP2	8/14	11:g.68697719C>A	.
11	108123274	T	G	ATM:c.1803-270T>G	ENST00000278616.4:c.1803-270T>G	ENSG00000149311	ATM	11/62	11:g.108123274T>G	.
11	112098994	A	T	ENST00000280362.3:c.84-323A>T	ENST00000280362.3:c.84-323A>T	ENSG00000150787	PTS	1/5	11:g.112098994A>T	.
11	112100219	A	T	ENST00000280362.3:c.164-712A>T	ENST00000280362.3:c.164-712A>T	ENSG00000150787	PTS	2/5	11:g.112100219A>T	.
11	112100259	C	T	PTS:c.164-672C>T	ENST00000280362.3:c.164-672C>T	ENSG00000150787	PTS	2/5	11:g.112100259C>T	9.7720003395807e-05
11	134011925	G	C	JAM3:c.256+1260G>C	ENST00000299106.4:c.256+1260G>C	ENSG00000166086	JAM3	3/8	11:g.134011925G>C	.
12	6182667	A	C	VWF:c.997+118T>G	ENST00000261405.5:c.997+118T>G	ENSG00000110799	VWF	8/51	12:g.6182667A>C	.
12	21604039	A	G	ENST00000240651:c.415-976A>G	ENST00000240651.9:c.415-976A>G	ENSG00000121350	PYROXD1	4/11	12:g.21604039A>G	.
12	48379984	C	T	COL2A1:c.1527+135G>A	ENST00000380518.3:c.1527+135G>A	ENSG00000139219	COL2A1	23/53	12:g.48379984C>T	.
12	48393958	G	C	ENST00000380518.3:c.86-50C>G	ENST00000380518.3:c.86-50C>G	ENSG00000139219	COL2A1	1/53	12:g.48393958G>C	.
12	103236922	T	A	PAH:c.1199+502A>T	ENST00000553106.1:c.1199+502A>T	ENSG00000171759	PAH	11/12	12:g.103236922T>A	.
12	103237873	G	T	PAH:c.1065+241C>A	ENST00000553106.1:c.1065+241C>A	ENSG00000171759	PAH	10/12	12:g.103237873G>T	.
12	103248546	A	G	PAH:c.706+368T>C	ENST00000553106.1:c.706+368T>C	ENSG00000171759	PAH	6/12	12:g.103248546A>G	.
12	133251750	C	T	POLE:c.1226+234G>A	ENST00000320574.5:c.1226+234G>A	ENSG00000177084	POLE	12/48	12:g.133251750C>T	.
13	52522135	C	T	ATP7B:c.2866-1521G>A	ENST00000242839.4:c.2866-1521G>A	ENSG00000123191	ATP7B	12/20	13:g.52522135C>T	.
13	52534477	A	T	ATP7B:c.1947-19T>A	ENST00000242839.4:c.1947-19T>A	ENSG00000123191	ATP7B	6/20	13:g.52534477A>T	.
13	113770192	G	A	F7:c.571+78G>A	ENST00000375581.3:c.571+78G>A	ENSG00000057593	F7	6/8	13:g.113770192G>A	.
13	113770688	C	G	F7:c.572-392C>G	ENST00000375581.3:c.572-392C>G	ENSG00000057593	F7	6/8	13:g.113770688C>G	.
14	21789290	T	G	RPGRIP1:c.1468-128T>G	ENST00000400017.2:c.1468-128T>G	ENSG00000092200	RPGRIP1	11/23	14:g.21789290T>G	.
14	21793624	A	G	RPGRIP1:c2367+82A>G	ENST00000400017.2:c.2367+82A>G	ENSG00000092200	RPGRIP1	15/23	14:g.21793624A>G	0.0003502700128592551
14	78177003	A	G	SLIRP:c.98-178A>G	ENST00000557342.1:c.98-178A>G	ENSG00000119705	SLIRP	1/3	14:g.78177003A>G	.
14	81574926	C	A	TSHR:c.692+130C>A	ENST00000541158.2:c.692+130C>A	ENSG00000165409	TSHR	9/10	14:g.81574926C>A	.
14	92441435	A	T	TRIP11:c5457+81T>A	ENST00000267622.4:c.5457+81T>A	ENSG00000100815	TRIP11	18/20	14:g.92441435A>T	.
14	92441439	A	C	TRIP11:c.5457+77T>G	ENST00000267622.4:c.5457+77T>G	ENSG00000100815	TRIP11	18/20	14:g.92441439A>C	.
15	48737716	C	T	FBN1:c.5789-15G>A	ENST00000316623.5:c.5789-15G>A	ENSG00000166147	FBN1	47/65	15:g.48737716C>T	.
15	91337139	A	G	BLM:c.3020-258A>G	ENST00000355112.3:c.3020-258A>G	ENSG00000197299	BLM	15/21	15:g.91337139A>G	.
16	1500379	C	T	CLCN7:c.1617+119G>A	ENST00000382745.4:c.1617+119G>A	ENSG00000103249	CLCN7	17/24	16:g.1500379C>T	.
16	2010712	G	C	NDUFB10:c.131-442G>C	ENST00000268668.6:c.131-442G>C	ENSG00000140990	NDUFB10	1/3	16:g.2010712G>C	.
16	88898676	T	C	ENST00000268695:c.899-167A>G	ENST00000268695.5:c.899-167A>G	ENSG00000141012	GALNS	8/13	16:g.88898676T>C	.
16	89577853	A	G	SPG7:c.286+853A>G	ENST00000268704.2:c.286+853A>G	ENSG00000197912	SPG7	2/16	16:g.89577853A>G	.
17	7910183	C	G	GUCY2D:c.1378+151C>G	ENST00000254854.4:c.1378+151C>G	ENSG00000132518	GUCY2D	4/19	17:g.7910183C>G	.
17	26728068	A	C	ENST00000440501.1:c.1166-285T>G	ENST00000440501.1:c.1166-285T>G	ENSG00000076351	SLC46A1	3/5	17:g.26728068A>C	.
17	29580296	A	G	ENST00000358273.4:c.4173+278A>G	ENST00000358273.4:c.4173+278A>G	ENSG00000196712	NF1	31/57	17:g.29580296A>G	.
17	36494957	C	T	GPR179:c.903+343G>A	ENST00000342292.4:c.903+343G>A	ENSG00000188888	GPR179	2/10	17:g.36494957C>T	3.18689999403432e-05
17	79213749	C	T	ENST00000431388.2:c.195+271C>T	ENST00000431388.2:c.195+271C>T	ENSG00000224877	C17orf89	2/2	17:g.79213749C>T	0.0006052100216038525
18	2760414	A	G	SMCHD1:c.4347-236A>G	ENST00000320876.6:c.4347-236A>G	ENSG00000101596	SMCHD1	34/47	18:g.2760414A>G	.
18	21114289	G	A	NPC1:c.3591+121C>T	ENST00000269228.5:c.3591+121C>T	ENSG00000141458	NPC1	23/24	18:g.21114289G>A	.
18	21114305	T	A	NPC1:c.3591+105A>T	ENST00000269228.5:c.3591+105A>T	ENSG00000141458	NPC1	23/24	18:g.21114305T>A	.
18	55225736	C	T	FECH:c.804+659G>A	ENST00000382873.3:c.822+641G>A	ENSG00000066926	FECH	7/10	18:g.55225736C>T	.
18	55238820	A	G	ENST00000382873.3:c.333-48T>C	ENST00000382873.3:c.333-48T>C	ENSG00000066926	FECH	3/10	18:g.55238820A>G	0.06650000065565109
18	55239810	T	G	FECH:c.464-1169A>C	ENST00000382873.3:c.332+668A>C	ENSG00000066926	FECH	3/10	18:g.55239810T>G	.
18	67815044	C	T	RTTN:c.2309+1093G>A	ENST00000255674.6:c.2309+1093G>A	ENSG00000176225	RTTN	17/48	18:g.67815044C>T	.
19	11231301	G	T	LDLR:c.2140+103G>T	ENST00000558518.1:c.2140+103G>T	ENSG00000130164	LDLR	14/17	19:g.11231301G>T	.
19	11233632	G	A	LDLR:c.2141-218G>A	ENST00000558518.1:c.2141-218G>A	ENSG00000130164	LDLR	14/17	19:g.11233632G>A	.
19	39014507	G	A	RYR1:c.10441-48G>A	ENST00000359596.3:c.10441-48G>A	ENSG00000196218	RYR1	69/105	19:g.39014507G>A	.
21	34957110	C	T	ENST00000303071:c.607-36G>A	ENST00000303071.5:c.607-36G>A	ENSG00000159147	DONSON	3/9	21:g.34957110C>T	.
21	47409881	C	T	COL6A1:c.930+189C>T	ENST00000361866.3:c.930+189C>T	ENSG00000142156	COL6A1	11/34	21:g.47409881C>T	.
22	21349779	C	T	LZTR1:c.1943-256C>T	ENST00000215739.8:c.1943-256C>T	ENSG00000099949	LZTR1	16/20	22:g.21349779C>T	0.0001597299997229129
22	38509935	C	T	PLA2G6:c.2035-274G>A	ENST00000332509.3:c.2035-274G>A	ENSG00000184381	PLA2G6	14/16	22:g.38509935C>T	.
22	38510587	C	T	PLA2G6:c.2035-926G>A	ENST00000332509.3:c.2035-926G>A	ENSG00000184381	PLA2G6	14/16	22:g.38510587C>T	.
X	9708630	C	T	ENST00000467482.1:c.885+748G>A	ENST00000467482.1:c.885+748G>A	ENSG00000101850	GPR143	7/8	X:g.9708630C>T	.
X	24744696	A	G	POLA1:c.1375-354A>G	ENST00000379059.3:c.1375-354A>G	ENSG00000101868	POLA1	13/36	X:g.24744696A>G	.
X	31200680	A	T	ENST00000357033:c.9974+175T>A	ENST00000357033.4:c.9974+175T>A	ENSG00000198947	DMD	68/78	X:g.31200680A>T	.
X	31279780	T	C	ENST00000357033.4:c.9225-647A>G	ENST00000357033.4:c.9225-647A>G	ENSG00000198947	DMD	62/78	X:g.31279780T>C	.
X	31899369	T	C	ENST00000357033.4:c.6913-5879A>G	ENST00000357033.4:c.6913-5879A>G	ENSG00000198947	DMD	47/78	X:g.31899369T>C	.
X	32187215	C	A	NM_004006.2:c.6438+47818G>T	ENST00000357033.4:c.6438+47818G>T	ENSG00000198947	DMD	44/78	X:g.32187215C>A	.
X	32360889	T	C	ENST00000357033:c.5739+362A>G	ENST00000357033.4:c.5739+362A>G	ENSG00000198947	DMD	40/78	X:g.32360889T>C	.
X	32366456	T	C	NM_004006.2:c.5448+67A>G	ENST00000357033.4:c.5448+67A>G	ENSG00000198947	DMD	38/78	X:g.32366456T>C	.
X	32407106	A	T	DMD:c.4518+512T>A	ENST00000357033.4:c.4518+512T>A	ENSG00000198947	DMD	32/78	X:g.32407106A>T	.
X	32471959	C	A	NM_004006.2:c.3603+820G>T	ENST00000357033.4:c.3603+820G>T	ENSG00000198947	DMD	26/78	X:g.32471959C>A	.
X	32477825	C	A	NM_004006.2:c.3432+3731G>T	ENST00000357033.4:c.3432+3731G>T	ENSG00000198947	DMD	25/78	X:g.32477825C>A	.
X	32535101	C	A	NM_004006.2:c.2292+1024G>T	ENST00000357033.4:c.2292+1024G>T	ENSG00000198947	DMD	18/78	X:g.32535101C>A	.
X	32662831	G	A	NM_004006.2:c.1149+250C>T	ENST00000357033.4:c.1149+250C>T	ENSG00000198947	DMD	10/78	X:g.32662831G>A	.
X	48758901	G	A	PQBP1:c.180-306G>A	ENST00000218224.4:c.180-306G>A	ENSG00000102103	PQBP1	2/5	X:g.48758901G>A	.
X	100654328	G	A	GLA:c.640-394C>T	ENST00000218516.3:c.640-394C>T	ENSG00000102393	GLA	4/6	X:g.100654328G>A	.
X	107811300	A	G	COL4A5:c.277-559A>G	ENST00000328300.6:c.277-559A>G	ENSG00000188153	COL4A5	4/52	X:g.107811300A>G	.
X	107820081	A	G	COL4A5:c.609+879A>G	ENST00000328300.6:c.609+879A>G	ENSG00000188153	COL4A5	10/52	X:g.107820081A>G	.
X	107851397	C	G	COL4A5:c.2395+1275C>G	ENST00000328300.6:c.2395+1275C>G	ENSG00000188153	COL4A5	29/52	X:g.107851397C>G	.
X	107851414	G	T	COL4A5:c.2395+1292G>T	ENST00000328300.6:c.2395+1292G>T	ENSG00000188153	COL4A5	29/52	X:g.107851414G>T	.
X	131221430	T	C	FRMD7:c.383-1368A>G	ENST00000298542.4:c.383-1368A>G	ENSG00000165694	FRMD7	5/11	X:g.131221430T>C	.
X	131231231	A	T	FRMD7:c.284+63T>A	ENST00000298542.4:c.284+63T>A	ENSG00000165694	FRMD7	4/11	X:g.131231231A>T	.
X	149831329	A	G	MTM1:c.1468-577A>G	ENST00000370396.2:c.1468-577A>G	ENSG00000171100	MTM1	13/14	X:g.149831329A>G	.
X	153787731	C	T	NM_001099857.2:c.518+866C>T	ENST00000369609.5:c.722+866C>T	ENSG00000073009	IKBKG	4/9	X:g.153787731C>T	.
X	154130469	T	C	F8:c.5999-27A>G	ENST00000360256.4:c.5999-27A>G	ENSG00000185010	F8	18/25	X:g.154130469T>C	.
X	154130719	C	T	F8:c.5999-277G>A	ENST00000360256.4:c.5999-277G>A	ENSG00000185010	F8	18/25	X:g.154130719C>T	.
X	154175372	C	T	F8:c.2113+601G>A	ENST00000360256.4:c.2113+601G>A	ENSG00000185010	F8	13/25	X:g.154175372C>T	.
X	154193643	T	C	F8:c.1443+602A>G	ENST00000360256.4:c.1443+602A>G	ENSG00000185010	F8	9/25	X:g.154193643T>C	.
X	154249118	T	C	F8:c.143+1567A>G	ENST00000360256.4:c.143+1567A>G	ENSG00000185010	F8	1/25	X:g.154249118T>C	.
