#CHROM	POS	REF	ALT	Gene	SYMBOL	HGVSc	HGVSg
1	94484244	T	C	ENSG00000198691	ABCA4	ENST00000370225.3:c.5196+894A>G	1:g.94484244T>C
1	94484490	T	C	ENSG00000198691	ABCA4	ENST00000370225.3:c.5196+648A>G	1:g.94484490T>C
1	94484608	G	A	ENSG00000198691	ABCA4	ENST00000370225.3:c.5196+530C>T	1:g.94484608G>A
1	94492584	A	G	ENSG00000198691	ABCA4	ENST00000370225.3:c.4540-1980T>C	1:g.94492584A>G
1	94493853	C	G	ENSG00000198691	ABCA4	ENST00000370225.3:c.4539+1148G>C	1:g.94493853C>G
1	94494145	G	C	ENSG00000198691	ABCA4	ENST00000370225.3:c.4539+856C>G	1:g.94494145G>C
1	94494223	T	G	ENSG00000198691	ABCA4	ENST00000370225.3:c.4539+778A>C	1:g.94494223T>G
1	94494231	A	G	ENSG00000198691	ABCA4	ENST00000370225.3:c.4539+770T>C	1:g.94494231A>G
1	94494233	T	C	ENSG00000198691	ABCA4	ENST00000370225.3:c.4539+768A>G	1:g.94494233T>C
1	94509656	T	C	ENSG00000198691	ABCA4	ENST00000370225.3:c.3050+513A>G	1:g.94509656T>C
1	94510807	A	T	ENSG00000198691	ABCA4	ENST00000370225.3:c.2919-507T>A	1:g.94510807A>T
1	94510874	CT	C	ENSG00000198691	ABCA4	ENST00000370225.3:c.2919-575del	1:g.94510893del
1	94511335	A	T	ENSG00000198691	ABCA4	ENST00000370225.3:c.2919-1035T>A	1:g.94511335A>T
1	155207030	G	A	ENSG00000177628	GBA	ENST00000327247.5:c.999+102C>T	1:g.155207030G>A
1	216039560	G	T	ENSG00000042781	USH2A	ENST00000307340.3:c.8845+789C>A	1:g.216039560G>T
1	216041055	T	G	ENSG00000042781	USH2A	ENST00000307340.3:c.8682-543A>C	1:g.216041055T>G
1	216041537	C	T	ENSG00000042781	USH2A	ENST00000307340.3:c.8682-1025G>A	1:g.216041537C>T
1	216064174	C	A	ENSG00000042781	USH2A	ENST00000307340.3:c.7595-1778G>T	1:g.216064174C>A
1	216524277	C	T	ENSG00000042781	USH2A	ENST00000307340.3:c.784+14018G>A	1:g.216524277C>T
10	79783892	C	T	ENSG00000148606	POLR3A	ENST00000372371.3:c.645+415G>A	10:g.79783892C>T
10	79784128	C	A	ENSG00000148606	POLR3A	ENST00000372371.3:c.645+179G>T	10:g.79784128C>A
10	126099805	G	A	ENSG00000065154	OAT	ENST00000368845.5:c.199+737C>T	10:g.126099805G>A
11	17466268	A	C	ENSG00000006071	ABCC8	ENST00000389817.3:c.1333-1409T>G	11:g.17466268A>C
11	47361779	C	A	ENSG00000134571	MYBPC3	ENST00000545968.1:c.1928-438G>T	11:g.47361779C>A
11	47361838	A	G	ENSG00000134571	MYBPC3	ENST00000545968.1:c.1928-497T>C	11:g.47361838A>G
11	47361857	C	T	ENSG00000134571	MYBPC3	ENST00000545968.1:c.1928-516G>A	11:g.47361857C>T
11	47366095	G	T	ENSG00000134571	MYBPC3	ENST00000545968.1:c.1091-920C>A	11:g.47366095G>T
11	47369107	G	C	ENSG00000134571	MYBPC3	ENST00000545968.1:c.852-77C>G	11:g.47369107G>C
11	68697329	A	G	ENSG00000132740	IGHMBP2	ENST00000255078.3:c.1235+504A>G	11:g.68697329A>G
11	68697379	T	C	ENSG00000132740	IGHMBP2	ENST00000255078.3:c.1235+554T>C	11:g.68697379T>C
11	112098599	AGAG	A	ENSG00000150787	PTS	ENST00000280362.3:c.84-715_84-713del	11:g.112098602_112098604del
11	134011483	G	A	ENSG00000166086	JAM3	ENST00000299106.4:c.256+818G>A	11:g.134011483G>A
11	134011913	C	T	ENSG00000166086	JAM3	ENST00000299106.4:c.256+1248C>T	11:g.134011913C>T
11	134012013	G	A	ENSG00000166086	JAM3	ENST00000299106.4:c.256+1348G>A	11:g.134012013G>A
12	6182234	G	T	ENSG00000110799	VWF	ENST00000261405.5:c.997+551C>A	12:g.6182234G>T
12	6182409	C	A	ENSG00000110799	VWF	ENST00000261405.5:c.997+376G>T	12:g.6182409C>A
12	21603748	T	C	ENSG00000121350	PYROXD1	ENST00000240651.9:c.414+1123T>C	12:g.21603748T>C
12	21603819	A	C	ENSG00000121350	PYROXD1	ENST00000240651.9:c.414+1194A>C	12:g.21603819A>C
12	21604108	G	A	ENSG00000121350	PYROXD1	ENST00000240651.9:c.415-907G>A	12:g.21604108G>A
12	21604162	TC	T	ENSG00000121350	PYROXD1	ENST00000240651.9:c.415-852del	12:g.21604163del
12	21604181	C	A	ENSG00000121350	PYROXD1	ENST00000240651.9:c.415-834C>A	12:g.21604181C>A
12	21604199	A	C	ENSG00000121350	PYROXD1	ENST00000240651.9:c.415-816A>C	12:g.21604199A>C
12	21604377	A	G	ENSG00000121350	PYROXD1	ENST00000240651.9:c.415-638A>G	12:g.21604377A>G
12	21604379	A	AT	ENSG00000121350	PYROXD1	ENST00000240651.9:c.415-625dup	12:g.21604390dup
12	21604518	A	G	ENSG00000121350	PYROXD1	ENST00000240651.9:c.415-497A>G	12:g.21604518A>G
12	88495435	CA	C	ENSG00000198707	CEP290	ENST00000552810.1:c.2991+1179del	12:g.88495453del
12	88495458	T	C	ENSG00000198707	CEP290	ENST00000552810.1:c.2991+1157A>G	12:g.88495458T>C
12	103248062	C	G	ENSG00000171759	PAH	ENST00000553106.1:c.706+852G>C	12:g.103248062C>G
12	103248107	C	T	ENSG00000171759	PAH	ENST00000553106.1:c.706+807G>A	12:g.103248107C>T
12	103248463	T	C	ENSG00000171759	PAH	ENST00000553106.1:c.706+451A>G	12:g.103248463T>C
12	103248612	A	C	ENSG00000171759	PAH	ENST00000553106.1:c.706+302T>G	12:g.103248612A>C
12	133251435	C	T	ENSG00000177084	POLE	ENST00000320574.5:c.1226+549G>A	12:g.133251435C>T
12	133251442	T	C	ENSG00000177084	POLE	ENST00000320574.5:c.1226+542A>G	12:g.133251442T>C
13	49045705	T	A	ENSG00000139687	RB1	ENST00000267163.4:c.2490-1791T>A	13:g.49045705T>A
13	52522276	G	C	ENSG00000123191	ATP7B	ENST00000242839.4:c.2865+1522C>G	13:g.52522276G>C
13	52534883	A	G	ENSG00000123191	ATP7B	ENST00000242839.4:c.1947-425T>C	13:g.52534883A>G
13	113770651	C	T	ENSG00000057593	F7	ENST00000375581.3:c.572-429C>T	13:g.113770651C>T
14	78176976	A	G	ENSG00000119705	SLIRP	ENST00000557342.1:c.98-205A>G	14:g.78176976A>G
14	81574816	G	C	ENSG00000165409	TSHR	ENST00000541158.2:c.692+20G>C	14:g.81574816G>C
14	81575419	T	C	ENSG00000165409	TSHR	ENST00000541158.2:c.692+623T>C	14:g.81575419T>C
15	42696606	G	T	ENSG00000092529	CAPN3	ENST00000397163.3:c.1782+631G>T	15:g.42696606G>T
15	91336813	G	C	ENSG00000197299	BLM	ENST00000355112.3:c.3020-584G>C	15:g.91336813G>C
15	91336852	G	C	ENSG00000197299	BLM	ENST00000355112.3:c.3020-545G>C	15:g.91336852G>C
15	91336856	G	A	ENSG00000197299	BLM	ENST00000355112.3:c.3020-541G>A	15:g.91336856G>A
16	1499908	T	C	ENSG00000103249	CLCN7	ENST00000382745.4:c.1618-580A>G	16:g.1499908T>C
16	1500051	G	C	ENSG00000103249	CLCN7	ENST00000382745.4:c.1617+447C>G	16:g.1500051G>C
16	1500368	C	T	ENSG00000103249	CLCN7	ENST00000382745.4:c.1617+130G>A	16:g.1500368C>T
16	2010478	C	G	ENSG00000140990	NDUFB10	ENST00000268668.6:c.131-676C>G	16:g.2010478C>G
16	2010577	G	A	ENSG00000140990	NDUFB10	ENST00000268668.6:c.131-577G>A	16:g.2010577G>A
16	2010615	C	G	ENSG00000140990	NDUFB10	ENST00000268668.6:c.131-539C>G	16:g.2010615C>G
16	2010857	T	A	ENSG00000140990	NDUFB10	ENST00000268668.6:c.131-297T>A	16:g.2010857T>A
16	2010892	T	C	ENSG00000140990	NDUFB10	ENST00000268668.6:c.131-262T>C	16:g.2010892T>C
16	2011007	C	T	ENSG00000140990	NDUFB10	ENST00000268668.6:c.131-147C>T	16:g.2011007C>T
16	2011064	T	C	ENSG00000140990	NDUFB10	ENST00000268668.6:c.131-90T>C	16:g.2011064T>C
16	2011082	T	C	ENSG00000140990	NDUFB10	ENST00000268668.6:c.131-72T>C	16:g.2011082T>C
16	2011126	A	G	ENSG00000140990	NDUFB10	ENST00000268668.6:c.131-28A>G	16:g.2011126A>G
16	8925642	C	T	ENSG00000140650	PMM2	ENST00000268261.4:c.640-15939C>T	16:g.8925642C>T
16	56917382	C	T	ENSG00000070915	SLC12A3	ENST00000438926.2:c.1670-579C>T	16:g.56917382C>T
16	88898298	G	C	ENSG00000141012	GALNS	ENST00000268695.5:c.1002+108C>G	16:g.88898298G>C
16	89577366	A	G	ENSG00000197912	SPG7	ENST00000268704.2:c.286+366A>G	16:g.89577366A>G
16	89577771	T	G	ENSG00000197912	SPG7	ENST00000268704.2:c.286+771T>G	16:g.89577771T>G
16	89577819	T	A	ENSG00000197912	SPG7	ENST00000268704.2:c.286+819T>A	16:g.89577819T>A
16	89578057	C	T	ENSG00000197912	SPG7	ENST00000268704.2:c.286+1057C>T	16:g.89578057C>T
16	89578141	T	C	ENSG00000197912	SPG7	ENST00000268704.2:c.286+1141T>C	16:g.89578141T>C
17	36494928	A	G	ENSG00000188888	GPR179	ENST00000342292.4:c.903+372T>C	17:g.36494928A>G
17	78090081	G	A	ENSG00000171298	GAA	ENST00000302262.3:c.2190-686G>A	17:g.78090081G>A
17	78090120	G	A	ENSG00000171298	GAA	ENST00000302262.3:c.2190-647G>A	17:g.78090120G>A
17	78090231	G	A	ENSG00000171298	GAA	ENST00000302262.3:c.2190-536G>A	17:g.78090231G>A
17	78090277	G	A	ENSG00000171298	GAA	ENST00000302262.3:c.2190-490G>A	17:g.78090277G>A
17	78090323	A	G	ENSG00000171298	GAA	ENST00000302262.3:c.2190-444A>G	17:g.78090323A>G
18	21132450	C	T	ENSG00000141458	NPC1	ENST00000269228.5:c.1554-759G>A	18:g.21132450C>T
18	55225365	T	C	ENSG00000066926	FECH	ENST00000382873.3:c.822+1012A>G	18:g.55225365T>C
18	55225777	T	C	ENSG00000066926	FECH	ENST00000382873.3:c.822+600A>G	18:g.55225777T>C
18	55239860	C	T	ENSG00000066926	FECH	ENST00000382873.3:c.332+618G>A	18:g.55239860C>T
18	67815245	T	C	ENSG00000176225	RTTN	ENST00000255674.6:c.2309+892A>G	18:g.67815245T>C
18	67815476	C	T	ENSG00000176225	RTTN	ENST00000255674.6:c.2309+661G>A	18:g.67815476C>T
19	1386393	C	T	ENSG00000115286	NDUFS7	ENST00000233627.9:c.17-1417C>T	19:g.1386393C>T
19	11231557	C	T	ENSG00000130164	LDLR	ENST00000558518.1:c.2140+359C>T	19:g.11231557C>T
19	11233678	G	C	ENSG00000130164	LDLR	ENST00000558518.1:c.2141-172G>C	19:g.11233678G>C
19	39014955	C	T	ENSG00000196218	RYR1	ENST00000359596.3:c.10455+386C>T	19:g.39014955C>T
19	39073886	G	A	ENSG00000196218	RYR1	ENST00000359596.3:c.14647-1697G>A	19:g.39073886G>A
19	39073937	C	CA	ENSG00000196218	RYR1	ENST00000359596.3:c.14647-1630dup	19:g.39073953dup
19	39074117	CAA	C	ENSG00000196218	RYR1	ENST00000359596.3:c.14647-1452_14647-1451del	19:g.39074131_39074132del
19	54632939	G	A	ENSG00000105618	PRPF31	ENST00000321030.4:c.1374+194G>A	19:g.54632939G>A
19	54633028	A	T	ENSG00000105618	PRPF31	ENST00000321030.4:c.1374+283A>T	19:g.54633028A>T
19	54633063	C	T	ENSG00000105618	PRPF31	ENST00000321030.4:c.1374+318C>T	19:g.54633063C>T
19	54633311	T	C	ENSG00000105618	PRPF31	ENST00000321030.4:c.1374+566T>C	19:g.54633311T>C
19	54633666	C	T	ENSG00000105618	PRPF31	ENST00000321030.4:c.1374+921C>T	19:g.54633666C>T
2	15567093	T	C	ENSG00000151779	NBAS	ENST00000281513.5:c.2423+742A>G	2:g.15567093T>C
2	26501087	T	TA	ENSG00000138029	HADHB	ENST00000317799.5:c.443-394dup	2:g.26501088dup
2	47634699	A	G	ENSG00000095002	MSH2	ENST00000233146.2:c.212-841A>G	2:g.47634699A>G
2	47635135	A	G	ENSG00000095002	MSH2	ENST00000233146.2:c.212-405A>G	2:g.47635135A>G
2	47635136	T	G	ENSG00000095002	MSH2	ENST00000233146.2:c.212-404T>G	2:g.47635136T>G
2	71900961	C	T	ENSG00000135636	DYSF	ENST00000410020.3:c.5785-366C>T	2:g.71900961C>T
2	166863349	A	G	ENSG00000144285	SCN1A	ENST00000303395.4:c.4002+2880T>C	2:g.166863349A>G
2	166864244	G	A	ENSG00000144285	SCN1A	ENST00000303395.4:c.4002+1985C>T	2:g.166864244G>A
2	220289229	G	C	ENSG00000175084	DES	ENST00000373960.3:c.1288+687G>C	2:g.220289229G>C
2	220289651	C	T	ENSG00000175084	DES	ENST00000373960.3:c.1289-734C>T	2:g.220289651C>T
2	220289870	C	T	ENSG00000175084	DES	ENST00000373960.3:c.1289-515C>T	2:g.220289870C>T
2	227952578	G	T	ENSG00000081052	COL4A4	ENST00000396625.3:c.1623+791C>A	2:g.227952578G>T
2	227952833	G	T	ENSG00000081052	COL4A4	ENST00000396625.3:c.1623+536C>A	2:g.227952833G>T
2	228009752	T	C	ENSG00000081052	COL4A4	ENST00000396625.3:c.72-478A>G	2:g.228009752T>C
21	33039774	TA	T	ENSG00000142168	SOD1	ENST00000270142.6:c.357+89del	21:g.33039777del
22	21349548	A	G	ENSG00000099949	LZTR1	ENST00000215739.8:c.1942+233A>G	22:g.21349548A>G
22	21349677	C	T	ENSG00000099949	LZTR1	ENST00000215739.8:c.1943-358C>T	22:g.21349677C>T
22	30070223	T	A	ENSG00000186575	NF2	ENST00000338641.4:c.1341-602T>A	22:g.30070223T>A
22	38510158	T	C	ENSG00000184381	PLA2G6	ENST00000332509.3:c.2035-497A>G	22:g.38510158T>C
22	38510459	T	C	ENSG00000184381	PLA2G6	ENST00000332509.3:c.2035-798A>G	22:g.38510459T>C
22	50502371	C	G	ENSG00000100427	MLC1	ENST00000311597.5:c.1059+92G>C	22:g.50502371C>G
22	50503063	G	T	ENSG00000100427	MLC1	ENST00000311597.5:c.895-436C>A	22:g.50503063G>T
22	50503336	C	T	ENSG00000100427	MLC1	ENST00000311597.5:c.895-709G>A	22:g.50503336C>T
3	10184255	G	A	ENSG00000134086	VHL	ENST00000256474.2:c.340+384G>A	3:g.10184255G>A
3	10184956	A	T	ENSG00000134086	VHL	ENST00000256474.2:c.340+1085A>T	3:g.10184956A>T
3	10185021	C	T	ENSG00000134086	VHL	ENST00000256474.2:c.340+1150C>T	3:g.10185021C>T
3	119234839	G	A	ENSG00000113845	TIMMDC1	ENST00000494664.1:c.597-1213G>A	3:g.119234839G>A
3	119234854	C	T	ENSG00000113845	TIMMDC1	ENST00000494664.1:c.597-1198C>T	3:g.119234854C>T
3	119235102	A	G	ENSG00000113845	TIMMDC1	ENST00000494664.1:c.597-950A>G	3:g.119235102A>G
3	120396328	C	T	ENSG00000113924	HGD	ENST00000283871.5:c.16-1618G>A	3:g.120396328C>T
3	120396474	T	G	ENSG00000113924	HGD	ENST00000283871.5:c.16-1764A>C	3:g.120396474T>G
3	120396603	C	T	ENSG00000113924	HGD	ENST00000283871.5:c.16-1893G>A	3:g.120396603C>T
3	132436314	T	A	ENSG00000113971	NPHP3	ENST00000337331.5:c.671-561A>T	3:g.132436314T>A
3	132436739	C	T	ENSG00000113971	NPHP3	ENST00000337331.5:c.671-986G>A	3:g.132436739C>T
3	132437034	A	G	ENSG00000113971	NPHP3	ENST00000337331.5:c.670+804T>C	3:g.132437034A>G
3	136003668	G	A	ENSG00000114054	PCCB	ENST00000469217.1:c.714+879G>A	3:g.136003668G>A
3	150660548	T	A	ENSG00000163646	CLRN1	ENST00000328863.4:c.254-1000A>T	3:g.150660548T>A
3	150660553	C	A	ENSG00000163646	CLRN1	ENST00000328863.4:c.254-1005G>T	3:g.150660553C>A
3	193336035	A	G	ENSG00000198836	OPA1	ENST00000361908.3:c.557-623A>G	3:g.193336035A>G
3	193362440	T	C	ENSG00000198836	OPA1	ENST00000361908.3:c.1554+546T>C	3:g.193362440T>C
3	193362798	G	A	ENSG00000198836	OPA1	ENST00000361908.3:c.1555-544G>A	3:g.193362798G>A
4	15989500	C	CTT	ENSG00000007062	PROM1	ENST00000510224.1:c.2077-163_2077-162dup	4:g.15989516_15989517dup
4	15989660	C	T	ENSG00000007062	PROM1	ENST00000510224.1:c.2077-321G>A	4:g.15989660C>T
4	15990024	C	G	ENSG00000007062	PROM1	ENST00000510224.1:c.2077-685G>C	4:g.15990024C>G
4	56284796	G	A	ENSG00000134851	TMEM165	ENST00000381334.5:c.792+644G>A	4:g.56284796G>A
4	108945631	T	C	ENSG00000138796	HADH	ENST00000603302.1:c.636+912T>C	4:g.108945631T>C
5	7884284	T	C	ENSG00000124275	MTRR	ENST00000264668.2:c.984+894T>C	5:g.7884284T>C
5	37012418	AT	A	ENSG00000164190	NIPBL	ENST00000282516.8:c.4560+2107del	5:g.37012434del
5	37012558	A	AT	ENSG00000164190	NIPBL	ENST00000282516.8:c.4561-2202dup	5:g.37012583dup
5	37012595	G	T	ENSG00000164190	NIPBL	ENST00000282516.8:c.4561-2190G>T	5:g.37012595G>T
5	37031416	A	G	ENSG00000164190	NIPBL	ENST00000282516.8:c.5862+3902A>G	5:g.37031416A>G
5	90099663	C	A	ENSG00000164199	GPR98	ENST00000405460.2:c.14661+964C>A	5:g.90099663C>A
5	178414144	A	T	ENSG00000113262	GRM6	ENST00000231188.5:c.1355-160T>A	5:g.178414144A>T
5	178414282	A	G	ENSG00000113262	GRM6	ENST00000231188.5:c.1355-298T>C	5:g.178414282A>G
5	178414532	A	G	ENSG00000113262	GRM6	ENST00000231188.5:c.1355-548T>C	5:g.178414532A>G
5	178414565	C	T	ENSG00000113262	GRM6	ENST00000231188.5:c.1355-581G>A	5:g.178414565C>T
5	178414795	G	C	ENSG00000113262	GRM6	ENST00000231188.5:c.1355-811C>G	5:g.178414795G>C
5	178414901	T	C	ENSG00000113262	GRM6	ENST00000231188.5:c.1355-917A>G	5:g.178414901T>C
5	178414906	A	G	ENSG00000113262	GRM6	ENST00000231188.5:c.1355-922T>C	5:g.178414906A>G
5	178414911	TC	T	ENSG00000113262	GRM6	ENST00000231188.5:c.1355-928del	5:g.178414912del
5	178414933	G	A	ENSG00000113262	GRM6	ENST00000231188.5:c.1355-949C>T	5:g.178414933G>A
6	6225481	A	T	ENSG00000124491	F13A1	ENST00000264870.3:c.799-388T>A	6:g.6225481A>T
6	6225517	A	G	ENSG00000124491	F13A1	ENST00000264870.3:c.799-424T>C	6:g.6225517A>G
6	51745921	A	G	ENSG00000170927	PKHD1	ENST00000371117.3:c.7350+1970T>C	6:g.51745921A>G
6	65228714	G	T	ENSG00000188107	EYS	ENST00000503581.1:c.5644+71402C>A	6:g.65228714G>T
6	65229064	C	T	ENSG00000188107	EYS	ENST00000503581.1:c.5644+71052G>A	6:g.65229064C>T
6	65229091	G	A	ENSG00000188107	EYS	ENST00000503581.1:c.5644+71025C>T	6:g.65229091G>A
6	65229334	G	A	ENSG00000188107	EYS	ENST00000503581.1:c.5644+70782C>T	6:g.65229334G>A
6	76594437	G	A	ENSG00000196586	MYO6	ENST00000369977.3:c.2417-1284G>A	6:g.76594437G>A
7	117229336	A	G	ENSG00000001626	CFTR	ENST00000003084.6:c.1680-1071A>G	7:g.117229336A>G
7	117288080	A	G	ENSG00000001626	CFTR	ENST00000003084.6:c.3874-4816A>G	7:g.117288080A>G
7	150642752	C	A	ENSG00000055118	KCNH2	ENST00000262186.5:c.3331-150G>T	7:g.150642752C>A
7	150643311	TGCAGAG	T	ENSG00000055118	KCNH2	ENST00000262186.5:c.3330+648_3330+653del	7:g.150643314_150643319del
8	42328491	C	A	ENSG00000168575	SLC20A2	ENST00000342228.3:c.289+1129G>T	8:g.42328491C>A
8	42328491	C	CA	ENSG00000168575	SLC20A2	ENST00000342228.3:c.289+1128dup	8:g.42328508dup
8	42328491	CA	C	ENSG00000168575	SLC20A2	ENST00000342228.3:c.289+1128del	8:g.42328508del
8	75271974	A	G	ENSG00000104381	GDAP1	ENST00000220822.7:c.311-398A>G	8:g.75271974A>G
8	87617255	G	A	ENSG00000170289	CNGB3	ENST00000320005.5:c.1663-816C>T	8:g.87617255G>A
8	87617403	A	G	ENSG00000170289	CNGB3	ENST00000320005.5:c.1663-964T>C	8:g.87617403A>G
8	87674370	C	T	ENSG00000170289	CNGB3	ENST00000320005.5:c.852+4783G>A	8:g.87674370C>T
8	87674852	C	T	ENSG00000170289	CNGB3	ENST00000320005.5:c.852+4301G>A	8:g.87674852C>T
8	96048846	C	T	ENSG00000156170	NDUFAF6	ENST00000396124.4:c.420+1042C>T	8:g.96048846C>T
8	96048917	T	G	ENSG00000156170	NDUFAF6	ENST00000396124.4:c.420+1113T>G	8:g.96048917T>G
8	96049066	T	C	ENSG00000156170	NDUFAF6	ENST00000396124.4:c.420+1262T>C	8:g.96049066T>C
9	86590069	T	C	ENSG00000165119	HNRNPK	ENST00000376263.3:c.257+308A>G	9:g.86590069T>C
9	94539118	C	CAT	ENSG00000169071	ROR2	ENST00000375708.3:c.98-1019_98-1018insAT	9:g.94539119_94539120insTA
9	94539436	A	G	ENSG00000169071	ROR2	ENST00000375708.3:c.98-1336T>C	9:g.94539436A>G
9	94539492	A	G	ENSG00000169071	ROR2	ENST00000375708.3:c.98-1392T>C	9:g.94539492A>G
9	135174284	T	C	ENSG00000107290	SETX	ENST00000224140.5:c.5549-585A>G	9:g.135174284T>C
X	9708661	C	G	ENSG00000101850	GPR143	ENST00000467482.1:c.885+717G>C	X:g.9708661C>G
X	9708793	C	CT	ENSG00000101850	GPR143	ENST00000467482.1:c.885+584dup	X:g.9708811dup
X	9708992	TA	T	ENSG00000101850	GPR143	ENST00000467482.1:c.885+385del	X:g.9708994del
X	31899080	A	C	ENSG00000198947	DMD	ENST00000357033.4:c.6913-5590T>G	X:g.31899080A>C
X	32186911	T	C	ENSG00000198947	DMD	ENST00000357033.4:c.6438+48122A>G	X:g.32186911T>C
X	32187317	A	G	ENSG00000198947	DMD	ENST00000357033.4:c.6438+47716T>C	X:g.32187317A>G
X	32406821	T	C	ENSG00000198947	DMD	ENST00000357033.4:c.4518+797A>G	X:g.32406821T>C
X	32407001	A	T	ENSG00000198947	DMD	ENST00000357033.4:c.4518+617T>A	X:g.32407001A>T
X	32459838	G	A	ENSG00000198947	DMD	ENST00000357033.4:c.3787-407C>T	X:g.32459838G>A
X	32459864	A	G	ENSG00000198947	DMD	ENST00000357033.4:c.3787-433T>C	X:g.32459864A>G
X	32460765	T	C	ENSG00000198947	DMD	ENST00000357033.4:c.3787-1334A>G	X:g.32460765T>C
X	32470433	T	G	ENSG00000198947	DMD	ENST00000357033.4:c.3603+2346A>C	X:g.32470433T>G
X	32470439	T	G	ENSG00000198947	DMD	ENST00000357033.4:c.3603+2340A>C	X:g.32470439T>G
X	32470463	G	T	ENSG00000198947	DMD	ENST00000357033.4:c.3603+2316C>A	X:g.32470463G>T
X	32470525	AG	A	ENSG00000198947	DMD	ENST00000357033.4:c.3603+2253del	X:g.32470528del
X	32471506	T	C	ENSG00000198947	DMD	ENST00000357033.4:c.3603+1273A>G	X:g.32471506T>C
X	32472165	T	A	ENSG00000198947	DMD	ENST00000357033.4:c.3603+614A>T	X:g.32472165T>A
X	32477382	C	T	ENSG00000198947	DMD	ENST00000357033.4:c.3432+4174G>A	X:g.32477382C>T
X	32478025	T	C	ENSG00000198947	DMD	ENST00000357033.4:c.3432+3531A>G	X:g.32478025T>C
X	32534628	T	G	ENSG00000198947	DMD	ENST00000357033.4:c.2292+1497A>C	X:g.32534628T>G
X	32535002	C	T	ENSG00000198947	DMD	ENST00000357033.4:c.2292+1123G>A	X:g.32535002C>T
X	32535353	A	G	ENSG00000198947	DMD	ENST00000357033.4:c.2292+772T>C	X:g.32535353A>G
X	32662747	A	C	ENSG00000198947	DMD	ENST00000357033.4:c.1150-317T>G	X:g.32662747A>C
X	100654320	C	T	ENSG00000102393	GLA	ENST00000218516.3:c.640-386G>A	X:g.100654320C>T
X	100654397	A	G	ENSG00000102393	GLA	ENST00000218516.3:c.640-463T>C	X:g.100654397A>G
X	107811141	A	C	ENSG00000188153	COL4A5	ENST00000328300.6:c.277-718A>C	X:g.107811141A>C
X	107850970	T	C	ENSG00000188153	COL4A5	ENST00000328300.6:c.2395+848T>C	X:g.107850970T>C
X	107851223	T	G	ENSG00000188153	COL4A5	ENST00000328300.6:c.2395+1101T>G	X:g.107851223T>G
X	107851682	C	G	ENSG00000188153	COL4A5	ENST00000328300.6:c.2395+1560C>G	X:g.107851682C>G
X	131221416	A	G	ENSG00000165694	FRMD7	ENST00000298542.4:c.383-1354T>C	X:g.131221416A>G
X	131221655	A	T	ENSG00000165694	FRMD7	ENST00000298542.4:c.383-1593T>A	X:g.131221655A>T
X	131230744	C	A	ENSG00000165694	FRMD7	ENST00000298542.4:c.284+550G>T	X:g.131230744C>A
X	131231430	TAC	T	ENSG00000165694	FRMD7	ENST00000298542.4:c.206-60_206-59del	X:g.131231455_131231456del
X	133629227	G	GA	ENSG00000165704	HPRT1	ENST00000298556.7:c.485+1626dup	X:g.133629246dup
X	149830858	G	A	ENSG00000171100	MTM1	ENST00000370396.2:c.1468-1048G>A	X:g.149830858G>A
X	149831362	A	G	ENSG00000171100	MTM1	ENST00000370396.2:c.1468-544A>G	X:g.149831362A>G
X	149831526	T	G	ENSG00000171100	MTM1	ENST00000370396.2:c.1468-380T>G	X:g.149831526T>G
X	153787654	C	A	ENSG00000073009	IKBKG	ENST00000369609.5:c.722+789C>A	X:g.153787654C>A
X	154175240	C	T	ENSG00000185010	F8	ENST00000360256.4:c.2113+733G>A	X:g.154175240C>T
X	154175270	G	T	ENSG00000185010	F8	ENST00000360256.4:c.2113+703C>A	X:g.154175270G>T
X	154175499	G	A	ENSG00000185010	F8	ENST00000360256.4:c.2113+474C>T	X:g.154175499G>A
X	154175499	G	GAAA	ENSG00000185010	F8	ENST00000360256.4:c.2113+471_2113+473dup	X:g.154175522_154175524dup
X	154175784	C	T	ENSG00000185010	F8	ENST00000360256.4:c.2113+189G>A	X:g.154175784C>T
X	154193211	T	C	ENSG00000185010	F8	ENST00000360256.4:c.1443+1034A>G	X:g.154193211T>C
X	154193620	C	T	ENSG00000185010	F8	ENST00000360256.4:c.1443+625G>A	X:g.154193620C>T
X	154194052	T	C	ENSG00000185010	F8	ENST00000360256.4:c.1443+193A>G	X:g.154194052T>C
