#CHROM	POS	REF	ALT	Gene_ID	Gene_name	HGVSc	HGVSg	Intron_number	gnomADg_AF	Effect_category	Source 
1	94469842	C	G	ENSG00000198691	ABCA4	ENST00000370225.3:c.6147+1155G>C	1:g.94469842C>G	44/49	3.184700108249672e-05	closer_to_donor	moles-fernández_2021
1	94483376	T	C	ENSG00000198691	ABCA4	ENST00000370225.3:c.5196+1762A>G	1:g.94483376T>C	36/49	.	closer_to_donor	moles-fernández_2021
1	94492917	G	A	ENSG00000198691	ABCA4	ENST00000370225.3:c.4539+2084C>T	1:g.94492917G>A	30/49	0.0011789000127464533	closer_to_donor	moles-fernández_2021
1	94500479	C	A	ENSG00000198691	ABCA4	ENST00000370225.3:c.3862+1817G>T	1:g.94500479C>A	26/49	0.00035024998942390084	closer_to_donor	moles-fernández_2021
1	94508821	C	T	ENSG00000198691	ABCA4	ENST00000370225.3:c.3190+71G>A	1:g.94508821C>T	21/49	6.369400216499344e-05	closer_to_donor	moles-fernández_2021
1	94510016	G	A	ENSG00000198691	ABCA4	ENST00000370225.3:c.3050+153C>T	1:g.94510016G>A	20/49	.	closer_to_donor	moles-fernández_2021
1	94525712	T	C	ENSG00000198691	ABCA4	ENST00000370225.3:c.2160+381A>G	1:g.94525712T>C	14/49	0.005477000027894974	closer_to_donor	moles-fernández_2021
1	94527379	T	C	ENSG00000198691	ABCA4	ENST00000370225.3:c.1937+754A>G	1:g.94527379T>C	13/49	0.00012737000361084938	closer_to_donor	moles-fernández_2021
1	94527426	G	A	ENSG00000198691	ABCA4	ENST00000370225.3:c.1937+707C>T	1:g.94527426G>A	13/49	0.0036629000678658485	closer_to_donor	moles-fernández_2021
1	94537637	C	A	ENSG00000198691	ABCA4	ENST00000370225.3:c.1554+5609G>T	1:g.94537637C>A	11/49	.	closer_to_donor	moles-fernández_2021
1	94538324	A	T	ENSG00000198691	ABCA4	ENST00000370225.3:c.1554+4922T>A	1:g.94538324A>T	11/49	.	closer_to_donor	moles-fernández_2021
1	94542677	A	C	ENSG00000198691	ABCA4	ENST00000370225.3:c.1554+569T>G	1:g.94542677A>C	11/49	.	closer_to_donor	moles-fernández_2021
1	94557602	C	T	ENSG00000198691	ABCA4	ENST00000370225.3:c.768+6748G>A	1:g.94557602C>T	6/49	0.00012734999472741038	closer_to_donor	moles-fernández_2021
1	94557892	GC	G	ENSG00000198691	ABCA4	ENST00000370225.3:c.768+6457del	1:g.94557893del	6/49	0.00035024998942390084	closer_to_donor	moles-fernández_2021
1	94559736	T	C	ENSG00000198691	ABCA4	ENST00000370225.3:c.768+4614A>G	1:g.94559736T>C	6/49	9.559599857311696e-05	closer_to_donor	moles-fernández_2021
1	94560189	G	A	ENSG00000198691	ABCA4	ENST00000370225.3:c.768+4161C>T	1:g.94560189G>A	6/49	.	closer_to_donor	moles-fernández_2021
1	94561637	A	T	ENSG00000198691	ABCA4	ENST00000370225.3:c.768+2713T>A	1:g.94561637A>T	6/49	0.0021339000668376684	closer_to_donor	moles-fernández_2021
1	94572822	G	A	ENSG00000198691	ABCA4	ENST00000370225.3:c.442+1311C>T	1:g.94572822G>A	4/49	.	closer_to_donor	moles-fernández_2021
1	94573178	C	A	ENSG00000198691	ABCA4	ENST00000370225.3:c.442+955G>T	1:g.94573178C>A	4/49	0.04019999876618385	closer_to_donor	moles-fernández_2021
1	94576366	G	A	ENSG00000198691	ABCA4	ENST00000370225.3:c.302+628C>T	1:g.94576366G>A	3/49	0.00035056000342592597	closer_to_donor	moles-fernández_2021
1	94585131	G	A	ENSG00000198691	ABCA4	ENST00000370225.3:c.66+1405C>T	1:g.94585131G>A	1/49	.	closer_to_donor	moles-fernández_2021
1	94585453	G	A	ENSG00000198691	ABCA4	ENST00000370225.3:c.66+1083C>T	1:g.94585453G>A	1/49	0.00015953999536577612	closer_to_donor	moles-fernández_2021
10	89625582	G	A	ENSG00000171862	PTEN	ENST00000371953.3:c.79+1277G>A	10:g.89625582G>A	1/8	0.003089600009843707	closer_to_donor	moles-fernández_2021
10	89639560	G	A	ENSG00000171862	PTEN	ENST00000371953.3:c.80-14222G>A	10:g.89639560G>A	1/8	.	closer_to_acceptor	moles-fernández_2021
10	89645618	A	G	ENSG00000171862	PTEN	ENST00000371953.3:c.80-8164A>G	10:g.89645618A>G	1/8	0.0019747999031096697	closer_to_acceptor	moles-fernández_2021
10	89675986	G	A	ENSG00000171862	PTEN	ENST00000371953.3:c.165-9284G>A	10:g.89675986G>A	2/8	3.1861000024946406e-05	closer_to_acceptor	moles-fernández_2021
10	89687570	GT	G	ENSG00000171862	PTEN	ENST00000371953.3:c.209+2257del	10:g.89687571del	3/8	.	closer_to_donor	moles-fernández_2021
10	89717799	G	A	ENSG00000171862	PTEN	ENST00000371953.3:c.801+23G>A	10:g.89717799G>A	7/8	0.0006052100216038525	strengthening_donor	moles-fernández_2021
10	89720599	TAATTAAATATGTCATTTCATTTCTTTTTCTTTTCTTTT	T	ENSG00000171862	PTEN	ENST00000371953.3:c.802-51_802-14del	10:g.89720600_89720637del	7/8	.	closer_to_acceptor	moles-fernández_2021
11	108102482	T	A	ENSG00000149311	ATM	ENST00000278616.4:c.331+2432T>A	11:g.108102482T>A	4/62	.	closer_to_donor	moles-fernández_2021
11	108191609	AT	A	ENSG00000149311	ATM	ENST00000278616.4:c.6453-418del	11:g.108191610del	44/62	0.011748000048100948	closer_to_acceptor	moles-fernández_2021
11	108216415	TTAGTTT	T	ENSG00000149311	ATM	ENST00000278616.4:c.8419-54_8419-49del	11:g.108216416_108216421del	57/62	.	closer_to_acceptor	moles-fernández_2021
11	108221997	G	A	ENSG00000149311	ATM	ENST00000278616.4:c.8672-2496G>A	11:g.108221997G>A	59/62	0.006848399993032217	closer_to_acceptor	moles-fernández_2021
11	108227392	G	C	ENSG00000149311	ATM	ENST00000278616.4:c.8850+1791G>C	11:g.108227392G>C	61/62	0.011350000277161598	closer_to_donor	moles-fernández_2021
13	32890421	ACAG	A	ENSG00000139618	BRCA2	ENST00000544455.1:c.-39-137_-39-135del	13:g.32890422_32890424del	1/27	.	closer_to_acceptor	moles-fernández_2021
13	32893830	A	G	ENSG00000139618	BRCA2	ENST00000544455.1:c.316+368A>G	13:g.32893830A>G	3/27	.	closer_to_donor	moles-fernández_2021
13	32894515	C	T	ENSG00000139618	BRCA2	ENST00000544455.1:c.316+1053C>T	13:g.32894515C>T	3/27	0.0001910499995574355	closer_to_donor	moles-fernández_2021
13	32895131	A	G	ENSG00000139618	BRCA2	ENST00000544455.1:c.316+1669A>G	13:g.32895131A>G	3/27	.	closer_to_donor	moles-fernández_2021
13	32895658	A	G	ENSG00000139618	BRCA2	ENST00000544455.1:c.316+2196A>G	13:g.32895658A>G	3/27	6.367400055751204e-05	closer_to_donor	moles-fernández_2021
13	32898874	C	T	ENSG00000139618	BRCA2	ENST00000544455.1:c.317-339C>T	13:g.32898874C>T	3/27	3.185099922120571e-05	closer_to_acceptor	moles-fernández_2021
13	32899354	A	G	ENSG00000139618	BRCA2	ENST00000544455.1:c.425+33A>G	13:g.32899354A>G	4/27	9.557200246490538e-05	strengthening_donor	moles-fernández_2021
13	32902444	T	TT	ENSG00000139618	BRCA2	ENST00000544455.1:c.632-1136dup	13:g.32902444dup	7/27	.	closer_to_acceptor	moles-fernández_2021
13	32902479	G	A	ENSG00000139618	BRCA2	ENST00000544455.1:c.632-1101G>A	13:g.32902479G>A	7/27	.	closer_to_acceptor	moles-fernández_2021
13	32902637	A	AA	ENSG00000139618	BRCA2	ENST00000544455.1:c.632-943dup	13:g.32902637dup	7/27	.	closer_to_acceptor	moles-fernández_2021
13	32908867	T	C	ENSG00000139618	BRCA2	ENST00000544455.1:c.1909+1343T>C	13:g.32908867T>C	10/27	0.00025554001331329346	closer_to_donor	moles-fernández_2021
13	32916351	A	G	ENSG00000139618	BRCA2	ENST00000544455.1:c.6841+1018A>G	13:g.32916351A>G	11/27	.	closer_to_donor	moles-fernández_2021
13	32919092	C	T	ENSG00000139618	BRCA2	ENST00000544455.1:c.6937+302C>T	13:g.32919092C>T	12/27	3.188399932696484e-05	closer_to_donor	moles-fernández_2021
13	32923233	C	T	ENSG00000139618	BRCA2	ENST00000544455.1:c.7007+2200C>T	13:g.32923233C>T	13/27	.	closer_to_donor	moles-fernández_2021
13	32927624	G	T	ENSG00000139618	BRCA2	ENST00000544455.1:c.7008-1374G>T	13:g.32927624G>T	13/27	0.0007077599875628948	closer_to_acceptor	moles-fernández_2021
13	32927709	A	C	ENSG00000139618	BRCA2	ENST00000544455.1:c.7008-1289A>C	13:g.32927709A>C	13/27	.	closer_to_acceptor	moles-fernández_2021
13	32930383	G	T	ENSG00000139618	BRCA2	ENST00000544455.1:c.7436-182G>T	13:g.32930383G>T	14/27	.	closer_to_acceptor	moles-fernández_2021
13	32933039	C	G	ENSG00000139618	BRCA2	ENST00000544455.1:c.7805+973C>G	13:g.32933039C>G	16/27	3.273100082878955e-05	closer_to_donor	moles-fernández_2021
13	32939213	C	T	ENSG00000139618	BRCA2	ENST00000544455.1:c.8331+1543C>T	13:g.32939213C>T	18/27	.	closer_to_donor	moles-fernández_2021
13	32939827	A	T	ENSG00000139618	BRCA2	ENST00000544455.1:c.8331+2157A>T	13:g.32939827A>T	18/27	.	closer_to_donor	moles-fernández_2021
13	32941641	A	G	ENSG00000139618	BRCA2	ENST00000544455.1:c.8332-2898A>G	13:g.32941641A>G	18/27	.	closer_to_acceptor	moles-fernández_2021
13	32941901	C	T	ENSG00000139618	BRCA2	ENST00000544455.1:c.8332-2638C>T	13:g.32941901C>T	18/27	0.0002589699870441109	closer_to_acceptor	moles-fernández_2021
13	32949799	G	A	ENSG00000139618	BRCA2	ENST00000544455.1:c.8633-1008G>A	13:g.32949799G>A	20/27	0.001601399970240891	closer_to_acceptor	moles-fernández_2021
13	32951687	A	G	ENSG00000139618	BRCA2	ENST00000544455.1:c.8754+759A>G	13:g.32951687A>G	21/27	.	closer_to_donor	moles-fernández_2021
13	32954538	A	G	ENSG00000139618	BRCA2	ENST00000544455.1:c.9256+256A>G	13:g.32954538A>G	24/27	.	closer_to_donor	moles-fernández_2021
13	32957273	G	GTAATCCAGCACTTTGGGAGGCCAAGGTGGGTG	ENSG00000139618	BRCA2	ENST00000544455.1:c.9256+2960_9256+2991dup	13:g.32957242_32957273dup	24/27	.	closer_to_donor	moles-fernández_2021
13	32958373	G	A	ENSG00000139618	BRCA2	ENST00000544455.1:c.9256+4091G>A	13:g.32958373G>A	24/27	.	closer_to_donor	moles-fernández_2021
13	32962467	G	C	ENSG00000139618	BRCA2	ENST00000544455.1:c.9257-6359G>C	13:g.32962467G>C	24/27	.	closer_to_acceptor	moles-fernández_2021
13	32963983	C	T	ENSG00000139618	BRCA2	ENST00000544455.1:c.9257-4843C>T	13:g.32963983C>T	24/27	.	closer_to_acceptor	moles-fernández_2021
13	32965235	G	T	ENSG00000139618	BRCA2	ENST00000544455.1:c.9257-3591G>T	13:g.32965235G>T	24/27	0.00015920000441838056	closer_to_acceptor	moles-fernández_2021
13	32967944	T	C	ENSG00000139618	BRCA2	ENST00000544455.1:c.9257-882T>C	13:g.32967944T>C	24/27	3.1856998248258606e-05	closer_to_acceptor	moles-fernández_2021
13	32969669	T	C	ENSG00000139618	BRCA2	ENST00000544455.1:c.9501+599T>C	13:g.32969669T>C	25/27	.	closer_to_donor	moles-fernández_2021
13	113772398	G	A	ENSG00000057593	F7	ENST00000375581.3:c.806-329G>A	13:g.113772398G>A	8/8	.	closer_to_acceptor	moles-fernández_2021
17	7576765	T	C	ENSG00000141510	TP53	ENST00000269305.4:c.993+88A>G	17:g.7576765T>C	9/10	.	closer_to_donor	moles-fernández_2021
17	7579643	C	T	ENSG00000141510	TP53	ENST00000269305.4:c.97-53G>A	17:g.7579643C>T	3/10	.	closer_to_acceptor	moles-fernández_2021
17	29551990	G	A	ENSG00000196712	NF1	ENST00000358273.4:c.1846-123G>A	17:g.29551990G>A	16/57	.	closer_to_acceptor	moles-fernández_2021
17	29576817	TATTTATTCCAAGG	T	ENSG00000196712	NF1	ENST00000358273.4:c.4110+681_4110+693del	17:g.29576818_29576830del	30/57	0.0036933000665158033	closer_to_donor	moles-fernández_2021
17	29584784	C	A	ENSG00000196712	NF1	ENST00000358273.4:c.4174-578C>A	17:g.29584784C>A	31/57	0.032499998807907104	closer_to_acceptor	moles-fernández_2021
17	29685689	C	T	ENSG00000196712	NF1	ENST00000358273.4:c.8113+49C>T	17:g.29685689C>T	55/57	0.00503249978646636	strengthening_donor	moles-fernández_2021
17	41210827	TAGAGGTTTTTCA	T	ENSG00000012048	BRCA1	ENST00000471181.2:c.5257-1687_5257-1676del	17:g.41210828_41210839del	19/23	.	closer_to_acceptor	moles-fernández_2021
17	41226693	G	GAATGTTCACT	ENSG00000012048	BRCA1	ENST00000471181.2:c.4548-156_4548-155insAGTGAACATT	17:g.41226694_41226695insATGTTCACTA	14/23	.	closer_to_acceptor	moles-fernández_2021
17	41237039	G	GTCC	ENSG00000012048	BRCA1	ENST00000471181.2:c.4186-2448_4186-2447insGGA	17:g.41237040_41237041insCCT	11/23	0.00035056000342592597	closer_to_acceptor	moles-fernández_2021
17	41238122	T	C	ENSG00000012048	BRCA1	ENST00000471181.2:c.4186-3530A>G	17:g.41238122T>C	11/23	0.00010045000090030953	closer_to_acceptor	moles-fernández_2021
17	41238810	T	C	ENSG00000012048	BRCA1	ENST00000471181.2:c.4185+4151A>G	17:g.41238810T>C	11/23	3.184500019415282e-05	closer_to_donor	moles-fernández_2021
17	41239994	C	T	ENSG00000012048	BRCA1	ENST00000471181.2:c.4185+2967G>A	17:g.41239994C>T	11/23	.	closer_to_donor	moles-fernández_2021
17	41241277	T	G	ENSG00000012048	BRCA1	ENST00000471181.2:c.4185+1684A>C	17:g.41241277T>G	11/23	0.0010528999846428633	closer_to_donor	moles-fernández_2021
17	41242767	G	C	ENSG00000012048	BRCA1	ENST00000471181.2:c.4185+194C>G	17:g.41242767G>C	11/23	.	closer_to_donor	moles-fernández_2021
17	41247137	G	A	ENSG00000012048	BRCA1	ENST00000471181.2:c.671-260C>T	17:g.41247137G>A	9/23	9.563899948261678e-05	closer_to_acceptor	moles-fernández_2021
17	41255845	C	T	ENSG00000012048	BRCA1	ENST00000471181.2:c.441+294G>A	17:g.41255845C>T	6/23	0.00019209999300073832	closer_to_donor	moles-fernández_2021
17	41258220	C	T	ENSG00000012048	BRCA1	ENST00000471181.2:c.212+253G>A	17:g.41258220C>T	4/23	0.0016977000050246716	closer_to_donor	moles-fernández_2021
17	41259183	G	A	ENSG00000012048	BRCA1	ENST00000471181.2:c.135-633C>T	17:g.41259183G>A	3/23	0.0023884999100118876	closer_to_acceptor	moles-fernández_2021
17	41260112	A	T	ENSG00000012048	BRCA1	ENST00000471181.2:c.135-1562T>A	17:g.41260112A>T	3/23	0.0012109000235795975	closer_to_acceptor	moles-fernández_2021
17	41266908	T	C	ENSG00000012048	BRCA1	ENST00000471181.2:c.134+835A>G	17:g.41266908T>C	3/23	.	closer_to_donor	moles-fernández_2021
17	41267361	G	A	ENSG00000012048	BRCA1	ENST00000471181.2:c.134+382C>T	17:g.41267361G>A	3/23	.	closer_to_donor	moles-fernández_2021
17	41269155	AT	A	ENSG00000012048	BRCA1	ENST00000471181.2:c.81-1360del	17:g.41269158del	2/23	6.371500057866797e-05	closer_to_acceptor	moles-fernández_2021
17	41275125	A	G	ENSG00000012048	BRCA1	ENST00000471181.2:c.80+909T>C	17:g.41275125A>G	2/23	0.0011224000481888652	closer_to_donor	moles-fernández_2021
17	56778284	G	T	ENSG00000108384	RAD51C	ENST00000337432.4:c.572-2273G>T	17:g.56778284G>T	3/8	.	closer_to_acceptor	moles-fernández_2021
18	20565092	T	C	ENSG00000101773	RBBP8	ENST00000399722.2:c.709+139T>C	18:g.20565092T>C	8/18	0.01739400066435337	closer_to_donor	moles-fernández_2021
2	47698082	A	G	ENSG00000095002	MSH2	ENST00000233146.2:c.1662-22A>G	2:g.47698082A>G	10/15	.	branchpoint_associated	moles-fernández_2021
2	47702450	TGTT	T	ENSG00000095002	MSH2	ENST00000233146.2:c.2005+42_2005+44del	2:g.47702451_47702453del	12/15	.	strengthening_donor	moles-fernández_2021
2	215594956	T	C	ENSG00000138376	BARD1	ENST00000260947.4:c.2001+179A>G	2:g.215594956T>C	10/10	.	closer_to_donor	moles-fernández_2021
3	37050421	G	A	ENSG00000076242	MLH1	ENST00000231790.2:c.545+25G>A	3:g.37050421G>A	6/18	.	strengthening_donor	moles-fernández_2021
3	37081638	T	C	ENSG00000076242	MLH1	ENST00000231790.2:c.1559-39T>C	3:g.37081638T>C	13/18	.	branchpoint_associated	moles-fernández_2021
9	34649597	T	A	ENSG00000258728	GALT	ENST00000556278.1:c.432+1144T>A	9:g.34649597T>A	4/7	.	closer_to_donor	moles-fernández_2021
