#HGVSc	POS	SpliceAI	SpliceAI_ind
ENST00000370225.3:c.6148-84A>T	94467632	A|ABCA4|0.00|0.00|0.57|0.01|27|-31|6|8	.
ENST00000370225.3:c.5197-557G>T	94481967	A|ABCA4|0.00|0.00|0.52|0.00|16|-38|6|-42	.
ENST00000370225.3:c.4634+741A>G	94489769	C|ABCA4|0.00|0.00|0.48|0.00|1|27|1|-22	.
ENST00000370225.3:c.4539+2065C>G	94492936	C|ABCA4|0.00|0.00|0.50|0.00|5|-49|5|13	.
ENST00000370225.3:c.4539+2064C>T	94492937	A|ABCA4|0.00|0.00|0.31|0.00|4|-50|4|12	.
ENST00000370225.3:c.2588-706C>T	94517960	A|ABCA4|0.00|0.00|0.91|0.01|2|-37|2|-47	.
ENST00000370225.3:c.1938-514A>G	94526829	C|ABCA4|0.00|0.01|0.69|0.00|1|-34|1|-11	.
ENST00000370225.3:c.1938-621G>A	94526936	T|ABCA4|0.00|0.00|0.28|0.00|-2|2|3|-38	.
ENST00000370225.3:c.859-540C>G	94546814	C|ABCA4|0.00|0.00|0.65|0.00|5|-37|5|-3	.
ENST00000370225.3:c.859-640A>G	94546914	C|ABCA4|0.51|0.00|0.69|0.00|45|-2|0|45	.
ENST00000370225.3:c.570+1798A>G	94566773	C|ABCA4|0.00|0.00|0.98|0.03|23|-46|1|21	.
ENST00000370096.3:c.3708+437T>G	103386637	C|COL11A1|0.94|0.00|0.93|0.00|49|-32|0|-47	.
ENST00000524377.1:c.851-708C>T	156842717	T|NTRK1|0.00|0.00|0.00|0.00|16|30|31|14	.
ENST00000367797.3:c.1296+268A>G	169521527	C|F5|0.00|0.00|0.93|0.00|30|-22|1|-3	.
ENST00000307340.3:c.14134-3169A>G	215827312	C|USH2A|0.02|0.00|0.38|0.00|49|-38|1|-26	.
ENST00000307340.3:c.5573-843A>G	216247485	C|USH2A|0.00|0.00|0.00|0.00|-1|-3|1|-4	.
ENST00000366577.5:c.609+1088G>A	236977232	A|MTR|0.63|0.01|0.00|0.00|2|-18|2|-35	.
ENST00000345530.3:c.1434-684G>T	20151929	A|WDR35|0.00|0.00|0.77|0.00|2|1|2|42	.
ENST00000264705.4:c.4397-209T>G	27460038	G|CAD|0.00|0.00|0.16|0.00|36|-3|-4|-2	.
ENST00000294954.7:c.536+1697A>C	48948898	G|LHCGR|0.12|0.00|0.00|0.00|20|-2|20|-1,G|RP11-310N16.1|0.12|0.00|0.00|0.00|20|-2|20|-1	.
ENST00000410020.3:c.5318-392A>G	71894114	G|DYSF|0.00|0.00|0.00|0.00|-43|28|35|-18	.
ENST00000394070.2:c.1005+358A>G	74077998	G|STAMBP|0.00|0.00|0.49|0.00|-20|2|-5|-3	.
ENST00000397345.3:c.24115-151C>A	152355017	T|NEB|0.18|0.00|0.08|0.00|49|-10|-12|42	.
ENST00000397345.3:c.1569+339A>G	152552812	C|NEB|0.41|0.00|0.00|0.00|-1|-19|-19|39	.
ENST00000430249.2:c.3577-745A>G	211520504	G|CPS1|0.00|0.00|0.95|0.00|-47|22|-1|16	.
ENST00000430249.2:c.4021-158A>G	211532752	G|CPS1|0.00|0.00|0.01|0.00|-29|9|21|16	.
ENST00000396625.3:c.1623+570A>G	227952799	C|COL4A4|0.00|0.04|0.00|0.00|-47|-20|-8|9	.
ENST00000396578.3:c.4462+443A>G	228173078	G|COL4A3|0.00|0.00|0.00|0.00|5|34|43|-7	.
ENST00000396578.3:c.4462+457C>G	228173092	G|COL4A3|0.00|0.00|0.50|0.00|-1|23|-1|29	.
ENST00000396578.3:c.4929-388G>T	228176114	T|COL4A3|0.10|0.00|0.00|0.00|3|27|3|-3	.
ENST00000320954.6:c.472-1021C>G	33160815	G|CRTAP|0.00|0.00|0.37|0.00|-44|11|-1|40	.
ENST00000418115.1:c.157-114C>T	49406095	A|RHOA|0.32|0.00|0.27|0.00|1|-40|-40|31	.
ENST00000345003.4:c.481+3276C>G	148717967	G|GYG1|0.00|0.00|0.62|0.00|-35|-1|-5|32	.
ENST00000296051.2:c.2106+899G>A	148878965	A|HPS3|0.00|0.00|0.00|0.00|3|-34|4|17	.
ENST00000321945.7:c.476+158G>T	84391198	A|FAM175A|0.10|0.00|0.00|0.00|2|3|2|3	.
ENST00000336098.3:c.1129+632A>G	155527225	C|FGG|0.00|0.00|0.00|0.00|-1|-26|1|-5	.
ENST00000511912.1:c.176-636C>G	159602711	G|ETFDH|0.97|0.73|0.23|0.00|1|12|39|-49	.
ENST00000230882.4:c.618+836T>G	42700940	G|GHR|0.00|0.00|0.93|0.00|-1|-2|-1|-44	.
ENST00000265038.5:c.173+1046A>G	60223645	C|ERCC8|0.00|0.25|0.68|0.00|44|-39|1|-45	.
ENST00000457016.1:c.646-1806T>G	112126337	G|APC|0.00|0.00|0.78|0.00|-47|30|-1|-32	.
ENST00000457016.1:c.1408+729A>G	112158417	G|APC|0.00|0.00|0.59|0.01|-10|32|0|32	.
ENST00000394370.3:c.1093+532C>G	147790860	G|FBXO38|0.00|0.00|0.00|0.00|-22|30|29|8	.
ENST00000286301.3:c.1969+115_1969+116del	149440308	.	C|CSF1R|0.07|0.00|0.00|0.00|23|0|-9|6
ENST00000361714.1:c.103-763G>T	112381431	T|WISP3|0.28|0.00|0.00|0.00|14|-45|14|-46	.
ENST00000409508.3:c.6547-963G>A	21746354	A|DNAH11|0.54|0.00|0.67|0.00|-36|39|1|49	.
ENST00000394507.1:c.262+132_262+133del	91870173	.	C|KRIT1|0.82|0.05|0.00|0.00|-12|-1|-11|-1
ENST00000297268.6:c.70+717A>G	94025130	G|COL1A2|0.00|0.00|0.64|0.04|-1|25|-1|-24	.
ENST00000003084.6:c.1585-9412A>G	117218381	G|CFTR|0.00|0.00|0.68|0.00|-45|-5|-5|-6	.
ENST00000003084.6:c.1680-883A>G	117229524	G|CFTR|0.11|0.00|0.72|0.00|-49|37|0|5	.
ENST00000003084.6:c.1680-877G>T	117229530	T|CFTR|0.00|0.00|0.67|0.01|-30|-1|-6|-1	.
ENST00000003084.6:c.2989-313A>T	117250260	T|CFTR|0.23|0.00|0.55|0.00|-35|25|-2|-36	.
ENST00000003084.6:c.3469-1304C>G	117266272	G|CFTR|0.00|0.00|0.98|0.02|-1|12|-1|-11	.
ENST00000298139.5:c.3234-170A>G	30999972	G|WRN|0.32|0.00|0.00|0.00|1|12|1|-18	.
ENST00000223528.2:c.648-1243G>T	108368857	T|FKTN|0.00|0.00|0.37|0.00|-35|38|-6|36	.
ENST00000377833.4:c.3330-439C>G	17088532	C|CUBN|0.00|0.00|0.99|0.00|48|-3|1|-3	.
ENST00000397262.1:c.187+241G>A	2181774	T|INS-IGF2|0.00|0.00|0.58|0.00|22|-6|4|39,T|INS|0.01|0.00|0.62|0.00|22|-6|4|39	.
ENST00000335295.4:c.316-106C>G	5247062	C|HBB|0.00|0.00|0.72|0.03|11|-35|1|40	.
ENST00000335295.4:c.316-197C>T	5247153	A|HBB|0.00|0.00|0.94|0.00|28|-6|2|-42	.
ENST00000298852.3:c.1127+337A>C	47441478	G|PSMC3|0.00|0.00|0.00|0.00|-20|1|-19|1	.
ENST00000255078.3:c.712-610A>G	68681681	G|IGHMBP2|0.55|0.00|0.00|0.00|1|21|1|-49	.
ENST00000278616.4:c.1236-404C>T	108121024	T|ATM|0.04|0.00|0.25|0.00|-49|41|-2|-50	.
ENST00000278616.4:c.1899-123A>G	108124418	G|ATM|0.00|0.00|0.71|0.00|-42|24|-1|30	.
ENST00000278616.4:c.2466+1552G>C	108131354	C|AP001925.1|0.00|0.00|0.00|0.00|-25|-3|7|9,C|ATM|0.93|0.11|0.00|0.00|3|-35|3|-48	.
ENST00000278616.4:c.2467-384A>G	108137514	G|ATM|0.00|0.00|0.00|0.00|32|25|32|-3	.
ENST00000278616.4:c.2638+489_2638+492del	108138557	.	C|ATM|0.00|0.00|0.00|0.00|0|-29|-43|-31
ENST00000278616.4:c.5763-1050A>G	108179837	G|ATM|0.00|0.00|0.44|0.01|-5|30|-5|-30	.
ENST00000278616.4:c.8850+2029A>G	108227630	G|ATM|0.55|0.01|0.00|0.00|1|33|1|-45,G|C11orf65|0.00|0.00|0.00|0.00|-1|23|-1|23	.
ENST00000280362.3:c.163+698del	112100091	.	T|PTS|0.00|0.00|0.00|0.00|49|16|-2|49
ENST00000280362.3:c.164-716A>T	112100215	T|PTS|0.07|0.00|0.37|0.00|-50|43|-6|42	.
ENST00000267163.4:c.861+828T>G	48937921	G|RB1|0.01|0.00|0.85|0.00|-32|27|0|21	.
ENST00000267163.4:c.1814+1307C>G	49028554	G|RB1|0.00|0.00|0.52|0.00|-46|44|-1|23	.
ENST00000400017.2:c.1468-263G>C	21789155	C|RPGRIP1|0.31|0.00|0.00|0.00|13|1|13|1	.
ENST00000400017.2:c.2710+233G>A	21794565	A|RPGRIP1|0.02|0.00|0.66|0.00|-24|31|-4|0	.
ENST00000206765.6:c.509-329C>T	24730233	A|TGM1|0.00|0.00|0.87|0.02|2|-3|2|-2	.
ENST00000261304.2:c.621+777T>C	88447772	G|GALC|0.17|0.00|0.13|0.00|19|-13|-14|2	.
ENST00000526495.1:c.5364+1187T>G	95559038	C|DICER1|0.96|0.22|0.00|0.00|-1|-7|0|48	.
ENST00000316623.5:c.8051+375G>T	48707358	A|FBN1|0.00|0.00|0.31|0.00|49|-29|2|-29	.
ENST00000355112.3:c.3020-246A>G	91337151	G|BLM|0.00|0.00|0.00|0.00|-46|15|-1|-13	.
ENST00000301732.5:c.3863-98C>T	2333457	A|ABCA3|0.00|0.00|0.84|0.00|16|-47|2|50	.
ENST00000427738.3:c.1139-148A>G	50813428	G|CYLD|0.00|0.00|0.61|0.10|-1|50|-1|50	.
ENST00000438926.2:c.1669+297T>G	56916706	G|SLC12A3|0.00|0.00|0.00|0.00|7|3|11|-33	.
ENST00000358273.4:c.61-7486G>T	29475515	T|NF1|0.00|0.00|0.90|0.00|-16|-6|-6|15	.
ENST00000358273.4:c.288+2025T>G	29488136	G|NF1|0.00|0.00|0.87|0.00|-9|39|-1|38	.
ENST00000358273.4:c.889-7324A>G	29520116	G|NF1|0.00|0.00|0.22|0.00|-1|4|-1|-29	.
ENST00000358273.4:c.889-941G>T	29526499	T|NF1|0.49|0.00|0.00|0.00|11|1|11|1	.
ENST00000358273.4:c.1260+1604A>G	29530107	G|NF1|0.76|0.04|0.75|0.00|1|13|42|-40	.
ENST00000358273.4:c.1392+754T>G	29534143	G|NF1|0.72|0.38|0.00|0.00|1|26|1|26	.
ENST00000358273.4:c.1393-592A>G	29540877	G|NF1|0.00|0.00|0.90|0.00|-50|-5|-5|-49	.
ENST00000358273.4:c.1527+1159C>T	29542762	T|NF1|0.00|0.00|0.98|0.21|-30|50|-2|3	.
ENST00000358273.4:c.4110+945A>G	29577082	G|NF1|0.00|0.00|0.99|0.02|-5|-23|-5|28	.
ENST00000358273.4:c.4836-1609C>T	29651229	T|NF1|0.00|0.00|0.11|0.00|-49|19|-2|-50	.
ENST00000358273.4:c.5269-178G>T	29654339	T|NF1|0.00|0.00|0.00|0.00|12|-50|-14|-1	.
ENST00000264657.5:c.1282-89C>T	40478306	A|STAT3|0.00|0.00|0.85|0.00|50|-41|2|23	.
ENST00000471181.2:c.4185+4105C>T	41238856	A|BRCA1|0.00|0.00|0.27|0.00|2|11|2|-27	.
ENST00000284061.3:c.888+40A>G	54925466	G|DGKE|0.00|0.00|0.98|0.68|-13|32|-1|-40	.
ENST00000259008.2:c.1629-498A>T	59858864	A|BRIP1|0.00|0.00|0.44|0.02|28|-2|2|-2	.
ENST00000207549.4:c.118-177G>T	73839777	A|UNC13D|0.01|0.00|0.06|0.00|-14|-6|-33|1	.
ENST00000207549.4:c.117+59C>T	73840243	A|UNC13D|0.00|0.00|0.00|0.04|-13|-34|2|4	.
ENST00000302262.3:c.-32-13T>G	78078341	G|GAA|0.00|0.06|0.00|0.00|21|13|-40|50	.
ENST00000359596.3:c.14364+851A>G	39069695	G|RYR1|0.00|0.00|0.00|0.00|0|38|-31|1	.
ENST00000321030.4:c.1374+710C>G	54633455	G|PRPF31|0.00|0.00|0.59|0.04|-1|3|-1|3	.
ENST00000378106.5:c.223-907A>C	13767051	C|NDUFAF5|0.00|0.00|0.00|0.00|18|2|45|3	.
ENST00000216951.2:c.129+1663A>G	33537864	C|GSS|0.00|0.00|0.77|0.00|0|-2|0|35	.
ENST00000270142.6:c.358-304C>G	33040480	G|SOD1|0.34|0.00|0.31|0.00|-47|25|-5|25	.
ENST00000338641.4:c.516+232G>A	30050946	A|NF2|0.36|0.02|0.00|0.00|18|1|22|18	.
ENST00000338641.4:c.1447-233T>A	30073952	A|NF2|0.00|0.00|0.57|0.00|-18|30|-3|-46	.
ENST00000379374.4:c.849+1268G>T	22113485	T|PHEX|0.00|0.00|0.68|0.00|-44|38|-2|37	.
ENST00000378943.3:c.259+2254G>A	30688489	A|GK|0.89|0.06|0.00|0.00|2|12|33|0	.
ENST00000357033.4:c.9564-427T>G	31225211	C|DMD|0.00|0.00|0.33|0.00|41|-22|5|-22	.
ENST00000357033.4:c.9563+1215A>G	31226400	C|DMD|0.00|0.00|0.99|0.00|10|-35|1|47	.
ENST00000357033.4:c.9085-15519G>T	31382270	A|DMD|0.00|0.00|0.93|0.00|46|-32|2|-38	.
ENST00000357033.4:c.8217+32103G>T	31613687	A|DMD|0.00|0.00|0.93|0.01|1|-16|2|-16	.
ENST00000357033.4:c.8217+18052A>G	31627738	C|DMD|0.98|0.02|0.97|0.00|-1|-18|-50|1	.
ENST00000357033.4:c.7661-1646C>G	31699349	C|DMD|0.00|0.00|0.92|0.00|39|-19|1|-19	.
ENST00000357033.4:c.6913-4037T>G	31897527	C|DMD|0.80|0.00|0.00|0.00|-1|-7|-1|13	.
ENST00000357033.4:c.6614+3310G>T	31983146	A|DMD|0.00|0.00|0.91|0.01|2|46|2|46	.
ENST00000357033.4:c.6291-21001_6291-21000insGAACATGGCTCCCCT	32256187	.	.
ENST00000357033.4:c.6290+30954C>T	32274692	A|DMD|0.00|0.00|0.43|0.00|2|-30|2|45	.
ENST00000357033.4:c.5325+1743_5325+1760del	32379147	.	.
ENST00000357033.4:c.3432+2240A>G	32479316	C|DMD|0.00|0.00|0.40|0.00|17|-47|1|-3	.
ENST00000357033.4:c.3432+2036A>G	32479520	C|DMD|0.72|0.08|0.00|0.00|-1|-32|0|38	.
ENST00000357033.4:c.2803+3252A>G	32499784	C|DMD|0.00|0.00|0.75|0.00|1|-47|1|15	.
ENST00000357033.4:c.1482+323C>G	32632097	C|DMD|0.89|0.02|0.00|0.00|-1|-33|-1|-33	.
ENST00000357033.4:c.1332-11909C>G	32644479	C|DMD|0.00|0.00|0.12|0.00|1|-20|1|-20	.
ENST00000357033.4:c.961-5831C>T	32669100	A|DMD|0.00|0.00|0.84|0.00|28|-2|2|43	.
ENST00000357033.4:c.961-5925A>C	32669194	G|DMD|0.63|0.00|0.00|0.00|-3|-5|-3|40	.
ENST00000357033.4:c.650-39498A>G	32756908	C|DMD|0.00|0.00|0.50|0.00|48|-20|1|-20	.
ENST00000357033.4:c.650-39575A>C	32756985	G|DMD|0.00|0.00|0.00|0.00|-1|0|49|0	.
ENST00000357033.4:c.265-463A>G	32841967	C|DMD|0.00|0.00|0.91|0.00|32|-14|1|-14	.
ENST00000357033.4:c.31+36947G>A	33192452	T|DMD|0.94|0.10|0.00|0.00|-2|-18|-2|-18	.
ENST00000378619.3:c.697+1240A>G	37516304	G|LANCL3|0.00|0.00|0.00|0.00|14|2|-45|-47,G|RP5-972B16.2|0.00|0.00|0.00|0.00|14|2|-45|-47	.
ENST00000378588.4:c.483+978G>T	37654041	T|CYBB|0.00|0.00|0.00|0.00|-36|24|-2|-1,T|RP5-972B16.2|0.00|0.00|0.00|0.00|-36|24|-2|-1	.
ENST00000378588.4:c.674+1080A>G	37656474	G|CYBB|0.15|0.00|0.00|0.00|1|2|1|-4,G|RP5-972B16.2|0.15|0.00|0.00|0.00|1|2|1|-4	.
ENST00000378505.2:c.1059+363G>A	38160137	T|RP5-972B16.2|0.00|0.00|0.00|0.00|47|-11|-3|46,T|RPGR|0.00|0.00|0.00|0.00|-23|-44|-23|5	.
ENST00000039007.4:c.867+1126A>G	38269404	G|OTC|0.79|0.00|0.87|0.00|-22|48|-1|3,G|RP5-972B16.2|0.79|0.00|0.87|0.00|-22|48|-1|3	.
ENST00000039007.4:c.1005+1091C>G	38272343	G|OTC|0.00|0.00|0.95|0.00|-16|14|-1|14,G|RP5-972B16.2|0.00|0.00|0.95|0.00|-16|14|-1|14	.
ENST00000341514.6:c.2407-433A>G	77269726	G|ATP7A|0.00|0.00|0.42|0.00|-5|31|-5|-37	.
ENST00000341514.6:c.2916+2480T>G	77279056	G|ATP7A|0.00|0.00|0.76|0.00|-49|7|-1|-2	.
ENST00000341514.6:c.3294+763C>G	77287843	G|ATP7A|0.01|0.00|0.76|0.00|-45|18|-1|44	.
ENST00000218516.3:c.547+395G>C	100656225	G|GLA|0.00|0.00|0.19|0.00|17|-5|-4|0,G|RPL36A-HNRNPH2|0.00|0.00|0.00|0.00|-46|3|39|-14	.
ENST00000328300.6:c.609+875G>T	107820077	T|COL4A5|0.03|0.00|0.91|0.00|31|29|-2|-15	.
ENST00000328300.6:c.1948+894C>G	107842994	G|COL4A5|0.86|0.00|0.00|0.00|1|12|12|-48	.
ENST00000328300.6:c.4528+1754T>G	107932678	G|COL4A5|0.00|0.00|0.99|0.00|-31|14|-5|20	.
ENST00000328300.6:c.4529-345A>G	107935633	G|COL4A5|0.00|0.00|0.93|0.21|-1|9|-1|20	.
ENST00000371113.4:c.239-4023A>G	128687279	G|OCRL|0.00|0.00|0.95|0.00|-46|-2|-1|39	.
ENST00000298556.7:c.402+1229A>G	133625464	G|HPRT1|0.01|0.00|0.15|0.00|-48|45|-1|33	.
ENST00000422081.2:c.-215-2273G>C	148584841	G|AF011889.5|0.00|0.00|0.25|0.98|-18|23|23|1,G|IDS|0.00|0.00|0.25|0.98|-18|23|23|1	.
ENST00000422081.2:c.-215-2274G>A	148584842	T|AF011889.5|0.00|0.00|0.24|0.72|-34|22|26|0,T|IDS|0.00|0.00|0.24|0.70|-34|22|26|0	.
ENST00000369609.5:c.973-206C>T	153790819	T|IKBKG|0.00|0.05|0.00|0.00|-13|35|-8|35	.
ENST00000369550.5:c.16+592C>G	153991848	G|DKC1|0.00|0.00|0.64|0.00|-48|30|-3|-18	.
ENST00000360256.4:c.5587-93C>T	154132892	A|F8|0.00|0.00|0.67|0.04|-49|-48|2|-48	.
ENST00000360256.4:c.5587-98G>A	154132897	T|F8|0.00|0.00|0.78|0.00|4|-1|4|32	.
ENST00000360256.4:c.5220-8563A>G	154143411	C|F8|0.71|0.00|0.00|0.00|-1|-2|-1|32	.
ENST00000360256.4:c.1537+325A>G	154189025	C|F8|0.00|0.00|0.45|0.00|1|-16|1|-16	.
