#POS	SpliceAI	SpliceAI_ind
10184582	.	.
7883778	C|MTRR|0.00|0.00|0.00|0.00|-18|39|-30|47	.
51618610	T|PKHD1|0.20|0.00|0.00|0.00|-25|7|7|10	.
109999068	A|MMAB|0.00|0.00|0.06|0.01|46|-20|-20|29	.
89443845	C|MFGE8|0.00|0.00|0.16|0.02|43|-2|43|-1	.
73839908	A|UNC13D|0.00|0.00|0.01|0.00|9|-37|-8|-28	.
32946773	C|DMD|0.29|0.00|0.26|0.00|28|-6|-45|48	.
32946795	C|DMD|0.07|0.00|0.00|0.00|6|-26|6|48	.
38155362	T|RP5-972B16.2|0.00|0.00|0.00|0.00|42|40|-11|21,T|RPGR|0.00|0.04|0.00|0.00|-42|35|29|35	.
154174820	.	C|F8|0.10|0.00|0.00|0.00|9|-1|9|39
154174820	G|F8|0.33|0.00|0.00|0.00|9|-1|9|48	.
154175499	.	.
