#CHROM	POS	mutation_flag	#POS	SpliceAI	SpliceAI_ind
3	10184582	change_sre	10184582	.	.
5	7883778	change_sre	7883778	C|MTRR|0.00|0.00|0.00|0.00|-18|39|-30|47	.
6	51618610	branchpoint_associated	51618610	T|PKHD1|0.20|0.00|0.00|0.00|-25|7|7|10	.
12	109999068	change_sre	109999068	A|MMAB|0.00|0.00|0.06|0.01|46|-20|-20|29	.
15	89443845	strengthening_donor	89443845	C|MFGE8|0.00|0.00|0.16|0.02|43|-2|43|-1	.
17	73839908	change_sre	73839908	A|UNC13D|0.00|0.00|0.01|0.00|9|-37|-8|-28	.
X	32946773	change_sre	32946773	C|DMD|0.29|0.00|0.26|0.00|28|-6|-45|48	.
X	32946795	change_sre	32946795	C|DMD|0.07|0.00|0.00|0.00|6|-26|6|48	.
X	38155362	change_sre	38155362	T|RP5-972B16.2|0.00|0.00|0.00|0.00|42|40|-11|21,T|RPGR|0.00|0.04|0.00|0.00|-42|35|29|35	.
X	154174820	change_sre	154174820	.	C|F8|0.10|0.00|0.00|0.00|9|-1|9|39
X	154174820	change_sre	154174820	G|F8|0.33|0.00|0.00|0.00|9|-1|9|48	.
X	154175499	strengthening_acceptor	154175499	.	.
