#CHROM	POS	REF	ALT	Gene_ID	Gene_name	HGVSc	HGVSg	Intron_number	gnomADg_AF	Effect_category	Source
1	8075064	G	A	ENSG00000116285	ERRFI1	ENST00000377482.5:c.202+304C>T	1:g.8075064G>A	3/3	.	new_splice_donor	jung_2021
1	8938033	G	A	ENSG00000074800	ENO1	ENST00000234590.4:c.-10+606C>T	1:g.8938033G>A	1/11	.	new_splice_donor	jung_2021
1	16059869	C	T	ENSG00000116786	PLEKHM2	ENST00000375799.3:c.2923-423C>T	1:g.16059869C>T	19/19	.	strengthening_acceptor	jung_2021
1	33360582	C	G	ENSG00000121900	TMEM54	ENST00000373463.3:c.595-102G>C	1:g.33360582C>G	5/5	.	strengthening_acceptor	jung_2021
1	36939333	GG	AA	ENSG00000119535	CSF3R	ENST00000373103.1:c.485+31_485+32delinsTT	1:g.36939333_36939334delinsAA	5/16	.	change_sre	jung_2021
1	41229163	C	T	ENSG00000066136	NFYC	ENST00000425457.2:c.720+445C>T	1:g.41229163C>T	7/10	.	new_splice_donor	jung_2021
1	52774660	C	T	ENSG00000157077	ZFYVE9	ENST00000287727.3:c.3438+5063C>T	1:g.52774660C>T	13/18	.	new_splice_donor	jung_2021
1	76252612	T	C	ENSG00000137955	RABGGTB	ENST00000319942.3:c.4-570T>C	1:g.76252612T>C	1/8	.	strengthening_donor	jung_2021
1	113242108	G	A	ENSG00000155363	MOV10	ENST00000413052.2:c.2584-199G>A	1:g.113242108G>A	17/20	.	branchpoint_associated	jung_2021
1	150479279	C	T	ENSG00000143374	TARS2	ENST00000369064.3:c.2009-113C>T	1:g.150479279C>T	17/17	.	branchpoint_associated	jung_2021
1	151022052	G	T	ENSG00000143443	C1orf56	ENST00000368926.5:c.1005+724G>T	1:g.151022052G>T	1/1	.	strengthening_acceptor	jung_2021
1	151785139	CT	C	ENSG00000143365	RORC	ENST00000318247.6:c.1285+282_1285+283del	1:g.151785140_151785141del	9/10	.	strengthening_acceptor	jung_2021
1	156643796	C	A	ENSG00000132688	NES	ENST00000368223.3:c.909-477G>T	1:g.156643796C>A	2/3	.	change_sre	jung_2021
1	182355813	C	T	ENSG00000135821	GLUL	ENST00000311223.5:c.329-276G>A	1:g.182355813C>T	4/7	.	strengthening_donor	jung_2021
1	192545208	GC	G	ENSG00000090104	RGS1	ENST00000367459.3:c.137+150_137+151del	1:g.192545209_192545210del	1/4	.	strengthening_donor	jung_2021
1	203831806	C	G	ENSG00000182004	SNRPE	ENST00000414487.2:c.81+456C>G	1:g.203831806C>G	2/4	.	strengthening_donor	jung_2021
1	207233335	T	C	ENSG00000123836	PFKFB2	ENST00000367080.3:c.86-1963T>C	1:g.207233335T>C	2/14	.	branchpoint_associated	jung_2021
1	212180229	T	C	ENSG00000143493	INTS7	ENST00000366994.3:c.757-126A>G	1:g.212180229T>C	6/19	.	new_splice_donor	jung_2021
1	228328550	CC	TA	ENSG00000143774	GUK1	ENST00000366728.2:c.61+486_61+487delinsTA	1:g.228328550_228328551delinsTA	1/6	.	new_splice_donor	jung_2021
1	231505310	A	C	ENSG00000135766	EGLN1	ENST00000366641.3:c.1148+998T>G	1:g.231505310A>C	3/4	.	new_splice_donor	jung_2021
10	1171009	G	A	ENSG00000047056	WDR37	ENST00000358220.1:c.1353+45G>A	10:g.1171009G>A	13/13	3.184700108249672e-05	change_sre	jung_2021
10	35320605	C	G	ENSG00000108094	CUL2	ENST00000537177.1:c.1228-58G>C	10:g.35320605C>G	12/20	.	strengthening_acceptor	jung_2021
10	51580064	G	A	ENSG00000138293	NCOA4	ENST00000452682.1:c.190-492G>A	10:g.51580064G>A	3/11	.	new_splice_donor	jung_2021
10	58118021	T	A	ENSG00000122952	ZWINT	ENST00000373944.3:c.*42-75A>T	10:g.58118021T>A	8/8	.	strengthening_donor	jung_2021
10	99240647	G	C	ENSG00000155229	MMS19	ENST00000438925.2:c.262+52C>G	10:g.99240647G>C	3/30	.	strengthening_donor	jung_2021
10	102111029	G	T	ENSG00000099194	SCD	ENST00000370355.2:c.311-1094G>T	10:g.102111029G>T	2/5	.	change_sre	jung_2021
10	122611080	A	G	ENSG00000120008	WDR11	ENST00000263461.6:c.86+62A>G	10:g.122611080A>G	1/28	.	strengthening_donor	jung_2021
10	127477946	G	T	ENSG00000188690	UROS	ENST00000368797.4:c.661-372C>A	10:g.127477946G>T	9/9	.	strengthening_acceptor	jung_2021
11	706569	C	T	ENSG00000177106	EPS8L2	ENST00000533256.1:c.-203-108C>T	11:g.706569C>T	1/21	.	branchpoint_associated	jung_2021
11	810086	C	A	ENSG00000177600	RPLP2	ENST00000321153.4:c.-2+47C>A	11:g.810086C>A	1/4	.	strengthening_donor	jung_2021
11	1782096	C	T	ENSG00000117984	CTSD	ENST00000236671.2:c.228+443G>A	11:g.1782096C>T	2/8	.	strengthening_donor	jung_2021
11	4143584	C	A	ENSG00000167325	RRM1	ENST00000300738.5:c.1118+134C>A	11:g.4143584C>A	11/18	.	strengthening_donor	jung_2021
11	6632766	A	C	ENSG00000166337	TAF10	ENST00000299424.4:c.388-83T>G	11:g.6632766A>C	2/4	.	new_splice_donor	jung_2021
11	17317591	C	T	ENSG00000070081	NUCB2	ENST00000529010.1:c.145-60C>T	11:g.17317591C>T	3/13	.	strengthening_acceptor	jung_2021
11	17518058	C	A	ENSG00000006611	USH1C	ENST00000005226.7:c.2546+247G>T	11:g.17518058C>A	25/26	.	change_sre	jung_2021
11	17518139	G	T	ENSG00000006611	USH1C	ENST00000005226.7:c.2546+166C>A	11:g.17518139G>T	25/26	.	strengthening_donor	jung_2021
11	61549474	A	G	ENSG00000124920	MYRF	ENST00000278836.5:c.3016+178A>G	11:g.61549474A>G	22/26	.	strengthening_acceptor	jung_2021
11	62406615	G	A	ENSG00000089597	GANAB	ENST00000346178.4:c.253-33C>T	11:g.62406615G>A	3/24	.	strengthening_acceptor	jung_2021
11	64864084	CT	C	ENSG00000149823	VPS51	ENST00000279281.3:c.228+135_228+136del	11:g.64864085_64864086del	1/9	.	change_sre	jung_2021
11	65423477	C	T	ENSG00000173039	RELA	ENST00000406246.3:c.878-71G>A	11:g.65423477C>T	8/10	.	strengthening_acceptor	jung_2021
11	66837793	A	AT	ENSG00000173156	RHOD	ENST00000308831.2:c.331-102dup	11:g.66837794dup	3/4	.	change_sre	jung_2021
11	67207186	G	A	ENSG00000172725	CORO1B	ENST00000393893.1:c.1065+71C>T	11:g.67207186G>A	10/11	.	new_splice_donor	jung_2021
11	67269680	C	A	ENSG00000110697	PITPNM1	ENST00000356404.3:c.415+83G>T	11:g.67269680C>A	4/23	.	strengthening_acceptor	jung_2021
11	94230225	G	A	ENSG00000168876	ANKRD49	ENST00000544612.1:c.258+108G>A	11:g.94230225G>A	2/2	.	strengthening_donor	jung_2021
11	111750491	C	T	ENSG00000137720	C11orf1	ENST00000260276.3:c.45+162C>T	11:g.111750491C>T	1/3	.	new_splice_donor	jung_2021
11	118888601	G	C	ENSG00000118181	RPS25	ENST00000527673.1:c.99+67C>G	11:g.118888601G>C	2/4	.	strengthening_donor	jung_2021
12	6977481	C	G	ENSG00000111669	TPI1	ENST00000229270.4:c.227-547C>G	12:g.6977481C>G	1/6	.	strengthening_donor	jung_2021
12	29500852	G	C	ENSG00000087502	ERGIC2	ENST00000360150.4:c.727+1160C>G	12:g.29500852G>C	10/13	.	strengthening_donor	jung_2021
12	56552215	C	T	ENSG00000092841	MYL6	ENST00000550697.1:c.3+27C>T	12:g.56552215C>T	1/6	.	new_splice_donor	jung_2021
12	117479874	G	A	ENSG00000088992	TESC	ENST00000335209.7:c.520-75C>T	12:g.117479874G>A	6/7	.	strengthening_donor	jung_2021
12	122845962	C	T	ENSG00000130779	CLIP1	ENST00000540338.1:c.783-234G>A	12:g.122845962C>T	3/24	.	change_sre	jung_2021
13	28849497	G	T	ENSG00000152520	PAN3	ENST00000380958.3:c.2050-1877G>T	13:g.28849497G>T	14/18	.	change_sre	jung_2021
13	49073402	A	C	ENSG00000136161	RCBTB2	ENST00000344532.3:c.1384+355T>G	13:g.49073402A>C	13/14	.	strengthening_donor	jung_2021
13	99041790	C	G	ENSG00000152767	FARP1	ENST00000319562.6:c.856-421C>G	13:g.99041790C>G	9/26	.	new_splice_donor	jung_2021
14	21154898	T	A	ENSG00000258818	RNASE4	ENST00000555835.1:c.-18+1981T>A	14:g.21154898T>A	1/1	.	strengthening_donor	jung_2021
14	65543605	C	T	ENSG00000125952	MAX	ENST00000358664.4:c.296-224G>A	14:g.65543605C>T	4/4	.	strengthening_donor	jung_2021
14	74190516	G	T	ENSG00000156030	ELMSAN1	ENST00000286523.5:c.2575-966C>A	14:g.74190516G>T	9/11	.	strengthening_donor	jung_2021
14	93172407	T	C	ENSG00000100600	LGMN	ENST00000393218.2:c.1191+421A>G	14:g.93172407T>C	13/14	.	change_sre	jung_2021
14	100834798	C	G	ENSG00000140105	WARS	ENST00000355338.2:c.99+626G>C	14:g.100834798C>G	2/10	.	change_sre	jung_2021
15	25216551	A	T	ENSG00000128739	SNRPN	ENST00000400100.1:c.-143-2907A>T	15:g.25216551A>T	6/12	.	change_sre	jung_2021
15	30030372	A	C	ENSG00000104067	TJP1	ENST00000346128.6:c.1257-754T>G	15:g.30030372A>C	10/27	.	new_splice_acceptor	jung_2021
15	43471962	AC	TT	ENSG00000137842	TMEM62	ENST00000260403.2:c.1486+1053_1486+1054delinsTT	15:g.43471962_43471963delinsTT	12/13	.	strengthening_acceptor	jung_2021
15	60685645	G	A	ENSG00000182718	ANXA2	ENST00000332680.4:c.43+4425C>T	15:g.60685645G>A	1/12	.	strengthening_acceptor	jung_2021
15	74749042	GC	AA	ENSG00000138629	UBL7	ENST00000567435.1:c.185-31_185-30delinsTT	15:g.74749042_74749043delinsAA	2/10	.	branchpoint_associated	jung_2021
16	303855	A	C	ENSG00000167930	ITFG3	ENST00000399932.3:c.-33-525A>C	16:g.303855A>C	2/12	.	change_sre	jung_2021
16	707711	G	A	ENSG00000161996	WDR90	ENST00000293879.4:c.2474-51G>A	16:g.707711G>A	20/40	3.2274998375214636e-05	branchpoint_associated	jung_2021
16	11875245	G	A	ENSG00000122299	ZC3H7A	ENST00000396516.2:c.108+36C>T	16:g.11875245G>A	2/21	.	new_splice_donor	jung_2021
16	23118742	T	A	ENSG00000103404	USP31	ENST00000219689.7:c.771+625A>T	16:g.23118742T>A	2/15	.	strengthening_acceptor	jung_2021
16	25137870	T	G	ENSG00000205629	LCMT1	ENST00000399069.3:c.114-1926T>G	16:g.25137870T>G	1/10	.	strengthening_donor	jung_2021
16	27372198	C	T	ENSG00000077238	IL4R	ENST00000395762.2:c.899+62C>T	16:g.27372198C>T	10/10	.	new_splice_donor	jung_2021
16	28619444	G	A	ENSG00000196502	SULT1A1	ENST00000395609.1:c.372+168C>T	16:g.28619444G>A	6/9	.	strengthening_acceptor	jung_2021
16	28835888	T	C	ENSG00000168488	ATXN2L	ENST00000395547.2:c.300-799T>C	16:g.28835888T>C	1/23	.	strengthening_donor	jung_2021
16	28843238	T	A	ENSG00000168488	ATXN2L	ENST00000395547.2:c.1322-288T>A	16:g.28843238T>A	10/23	.	branchpoint_associated	jung_2021
16	30195685	C	T	ENSG00000102879	CORO1A	ENST00000219150.5:c.-2+639C>T	16:g.30195685C>T	1/10	.	new_splice_donor	jung_2021
16	30407295	C	T	ENSG00000180035	ZNF48	ENST00000320159.2:c.79+101C>T	16:g.30407295C>T	1/1	.	strengthening_donor	jung_2021
16	30485879	T	C	ENSG00000005844	ITGAL	ENST00000356798.6:c.164+260T>C	16:g.30485879T>C	2/30	.	strengthening_acceptor	jung_2021
16	70287564	G	C	ENSG00000090861	AARS	ENST00000261772.8:c.2607+53C>G	16:g.70287564G>C	19/20	.	strengthening_donor	jung_2021
16	87436071	G	C	ENSG00000140941	MAP1LC3B	ENST00000268607.5:c.203+184G>C	16:g.87436071G>C	3/3	.	strengthening_acceptor	jung_2021
16	88923915	C	T	ENSG00000167515	TRAPPC2L	ENST00000301021.3:c.33+324C>T	16:g.88923915C>T	1/4	.	change_sre	jung_2021
16	89796647	G	C	ENSG00000158805	ZNF276	ENST00000443381.2:c.1169+921G>C	16:g.89796647G>C	6/10	.	change_sre	jung_2021
16	89961617	T	G	ENSG00000141002	TCF25	ENST00000263346.8:c.928+72T>G	16:g.89961617T>G	8/17	.	new_splice_donor	jung_2021
17	9835293	G	A	ENSG00000007237	GAS7	ENST00000432992.2:c.885+2190C>T	17:g.9835293G>A	9/13	.	strengthening_acceptor	jung_2021
17	34945334	C	G	ENSG00000005955	GGNBP2	ENST00000304718.4:c.1891-304C>G	17:g.34945334C>G	13/13	.	strengthening_donor	jung_2021
17	38245688	C	A	ENSG00000126351	THRA	ENST00000264637.4:c.1110+102C>A	17:g.38245688C>A	9/9	.	strengthening_donor	jung_2021
17	40066749	C	A	ENSG00000131473	ACLY	ENST00000352035.2:c.283-212G>T	17:g.40066749C>A	3/28	.	strengthening_donor	jung_2021
17	46675032	T	C	ENSG00000108511	HOXB6	ENST00000484302.2:c.415+66A>G	17:g.46675032T>C	2/2	.	new_splice_donor	jung_2021
17	47589203	G	T	ENSG00000064300	NGFR	ENST00000172229.3:c.822-51G>T	17:g.47589203G>T	4/5	.	strengthening_acceptor	jung_2021
17	60743677	G	C	ENSG00000011028	MRC2	ENST00000303375.5:c.694+49G>C	17:g.60743677G>C	3/29	.	change_sre	jung_2021
17	61906744	G	A	ENSG00000087191	PSMC5	ENST00000310144.6:c.97-110G>A	17:g.61906744G>A	2/11	.	strengthening_donor	jung_2021
17	63198301	C	G	ENSG00000108370	RGS9	ENST00000262406.9:c.1064+103C>G	17:g.63198301C>G	14/18	.	strengthening_donor	jung_2021
17	71282849	C	T	ENSG00000179604	CDC42EP4	ENST00000335793.3:c.-112-98G>A	17:g.71282849C>T	1/1	.	strengthening_donor	jung_2021
17	72771731	T	C	ENSG00000109065	NAT9	ENST00000357814.3:c.77+30A>G	17:g.72771731T>C	2/6	.	strengthening_donor	jung_2021
17	73733305	G	A	ENSG00000132470	ITGB4	ENST00000200181.3:c.1991-98G>A	17:g.73733305G>A	16/39	.	strengthening_donor	jung_2021
17	80066834	C	T	ENSG00000176155	CCDC57	ENST00000389641.4:c.2567-7092G>A	17:g.80066834C>T	17/17	3.186500180163421e-05	branchpoint_associated	jung_2021
19	1277440	C	T	ENSG00000228300	C19orf24	ENST00000409293.4:c.398+142C>T	19:g.1277440C>T	2/2	.	new_splice_donor	jung_2021
19	3192717	C	T	ENSG00000125912	NCLN	ENST00000246117.4:c.375+59C>T	19:g.3192717C>T	2/14	.	new_splice_donor	jung_2021
19	4094651	G	T	ENSG00000126934	MAP2K2	ENST00000262948.5:c.1047-155C>A	19:g.4094651G>T	9/10	.	change_sre	jung_2021
19	5680197	C	T	ENSG00000174917	C19orf70	ENST00000309324.4:c.29+272G>A	19:g.5680197C>T	1/3	.	strengthening_acceptor	jung_2021
19	5708135	C	G	ENSG00000196365	LONP1	ENST00000360614.3:c.932+218G>C	19:g.5708135C>G	5/17	.	strengthening_acceptor	jung_2021
19	9263091	G	A	ENSG00000130803	ZNF317	ENST00000247956.6:c.-92-3510G>A	19:g.9263091G>A	1/6	.	change_sre	jung_2021
19	10655359	G	T	ENSG00000130734	ATG4D	ENST00000309469.4:c.236-100G>T	19:g.10655359G>T	1/9	.	branchpoint_associated	jung_2021
19	10872109	G	A	ENSG00000079805	DNM2	ENST00000389253.4:c.235+1622G>A	19:g.10872109G>A	2/20	.	change_sre	jung_2021
19	11546615	C	T	ENSG00000130175	PRKCSH	ENST00000252455.2:c.-78+88C>T	19:g.11546615C>T	1/17	.	new_splice_donor	jung_2021
19	11622327	G	A	ENSG00000130159	ECSIT	ENST00000270517.7:c.738+1544C>T	19:g.11622327G>A	4/7	.	branchpoint_associated	jung_2021
19	15222368	C	T	ENSG00000105137	SYDE1	ENST00000342784.2:c.1418-75C>T	19:g.15222368C>T	5/7	.	strengthening_acceptor	jung_2021
19	18682724	G	C	ENSG00000221983	UBA52	ENST00000442744.2:c.-9+5G>C	19:g.18682724G>C	1/4	.	strengthening_donor	jung_2021
19	18883525	C	T	ENSG00000105662	CRTC1	ENST00000338797.6:c.1473+1169C>T	19:g.18883525C>T	12/14	.	change_sre	jung_2021
19	35836911	T	G	ENSG00000012124	CD22	ENST00000085219.5:c.2328-143T>G	19:g.35836911T>G	12/13	.	new_splice_donor	jung_2021
19	48639538	G	A	ENSG00000105486	LIG1	ENST00000263274.7:c.1332-156C>T	19:g.48639538G>A	14/27	.	branchpoint_associated	jung_2021
19	49991073	G	T	ENSG00000142541	RPL13A	ENST00000391857.4:c.15+172G>T	19:g.49991073G>T	1/7	.	strengthening_acceptor	jung_2021
19	50399629	G	A	ENSG00000104951	IL4I1	ENST00000595948.1:c.80-319C>T	19:g.50399629G>A	4/9	.	new_splice_donor	jung_2021
19	51014348	G	A	ENSG00000161677	JOSD2	ENST00000598418.1:c.-18+26C>T	19:g.51014348G>A	1/4	.	new_splice_donor	jung_2021
19	56199796	C	A	ENSG00000063245	EPN1	ENST00000411543.2:c.812-440C>A	19:g.56199796C>A	4/10	.	strengthening_acceptor	jung_2021
2	24954705	T	C	ENSG00000084676	NCOA1	ENST00000406961.1:c.3201+2021T>C	2:g.24954705T>C	17/22	.	change_sre	jung_2021
2	27263151	G	T	ENSG00000119777	TMEM214	ENST00000238788.9:c.1792-62G>T	2:g.27263151G>T	15/16	.	strengthening_acceptor	jung_2021
2	27592535	G	C	ENSG00000115211	EIF2B4	ENST00000451130.2:c.139-119C>G	2:g.27592535G>C	1/11	.	strengthening_donor	jung_2021
2	39346993	G	C	ENSG00000115904	SOS1	ENST00000426016.1:c.87+484C>G	2:g.39346993G>C	2/23	.	new_splice_donor	jung_2021
2	42553173	A	C	ENSG00000143924	EML4	ENST00000318522.5:c.2243-121A>C	2:g.42553173A>C	20/22	.	strengthening_acceptor	jung_2021
2	63827551	C	T	ENSG00000014641	MDH1	ENST00000539945.1:c.552+1125C>T	2:g.63827551C>T	5/8	.	change_sre	jung_2021
2	64111423	A	C	ENSG00000169764	UGP2	ENST00000337130.5:c.575+196A>C	2:g.64111423A>C	5/9	.	change_sre	jung_2021
2	73115237	G	A	ENSG00000116096	SPR	ENST00000234454.5:c.305-206G>A	2:g.73115237G>A	1/2	.	strengthening_donor	jung_2021
2	101619794	G	C	ENSG00000071082	RPL31	ENST00000409028.4:c.107+524G>C	2:g.101619794G>C	2/4	.	strengthening_acceptor	jung_2021
2	101620767	G	A	ENSG00000071082	RPL31	ENST00000409028.4:c.233+22G>A	2:g.101620767G>A	3/4	6.379599653882906e-05	change_sre	jung_2021
2	112999006	C	G	ENSG00000144161	ZC3H8	ENST00000409573.2:c.157-2901G>C	2:g.112999006C>G	2/8	.	change_sre	jung_2021
2	113955280	G	C	ENSG00000125637	PSD4	ENST00000245796.6:c.2458-44G>C	2:g.113955280G>C	13/16	.	strengthening_acceptor	jung_2021
2	139312034	G	A	ENSG00000144228	SPOPL	ENST00000280098.4:c.480+1783G>A	2:g.139312034G>A	5/10	.	change_sre	jung_2021
2	171805024	T	G	ENSG00000115806	GORASP2	ENST00000234160.4:c.144+84T>G	2:g.171805024T>G	2/9	.	strengthening_donor	jung_2021
2	203157652	A	G	ENSG00000055044	NOP58	ENST00000264279.5:c.907+26A>G	2:g.203157652A>G	9/14	.	strengthening_donor	jung_2021
2	220073405	G	A	ENSG00000158552	ZFAND2B	ENST00000289528.5:c.656+44G>A	2:g.220073405G>A	7/8	.	change_sre	jung_2021
2	223398709	G	T	ENSG00000163082	SGPP2	ENST00000321276.7:c.648+8957G>T	2:g.223398709G>T	4/4	.	strengthening_donor	jung_2021
2	235945099	A	G	ENSG00000130147	SH3BP4	ENST00000409212.1:c.118+1335A>G	2:g.235945099A>G	3/5	.	strengthening_donor	jung_2021
2	241405335	C	A	ENSG00000063660	GPC1	ENST00000264039.2:c.1445-140C>A	2:g.241405335C>A	8/8	.	strengthening_donor	jung_2021
20	32228368	G	A	ENSG00000078699	CBFA2T2	ENST00000346541.3:c.1515+31G>A	20:g.32228368G>A	11/11	.	strengthening_donor	jung_2021
20	32605229	T	G	ENSG00000125970	RALY	ENST00000246194.3:c.-92-14099T>G	20:g.32605229T>G	1/9	.	change_sre	jung_2021
20	34327470	C	A	ENSG00000131051	RBM39	ENST00000253363.6:c.52-531G>T	20:g.34327470C>A	2/16	.	new_splice_acceptor	jung_2021
20	37176317	T	C	ENSG00000170471	RALGAPB	ENST00000262879.6:c.2903-1015T>C	20:g.37176317T>C	19/29	.	change_sre	jung_2021
20	45864986	G	A	ENSG00000101040	ZMYND8	ENST00000461685.1:c.2718+84C>T	20:g.45864986G>A	16/22	.	strengthening_donor	jung_2021
20	47852017	C	T	ENSG00000124228	DDX27	ENST00000371764.4:c.1520+392C>T	20:g.47852017C>T	12/20	.	new_splice_donor	jung_2021
20	50785196	C	T	ENSG00000020256	ZFP64	ENST00000216923.4:c.287-2632G>A	20:g.50785196C>T	2/5	.	strengthening_donor	jung_2021
20	60746514	T	C	ENSG00000184402	SS18L1	ENST00000331758.3:c.917-1224T>C	20:g.60746514T>C	8/10	.	change_sre	jung_2021
20	62152271	G	A	ENSG00000125534	PPDPF	ENST00000370179.3:c.-26+24G>A	20:g.62152271G>A	1/3	.	strengthening_donor	jung_2021
20	62167808	C	T	ENSG00000101213	PTK6	ENST00000217185.2:c.230+630G>A	20:g.62167808C>T	1/7	.	strengthening_donor	jung_2021
20	62327053	G	C	ENSG00000258366	RTEL1	ENST00000508582.2:c.3725-78G>C	20:g.62327053G>C	34/34	.	strengthening_donor	jung_2021
21	34914242	CC	TT	ENSG00000159131	GART	ENST00000381831.3:c.-9+650_-9+651delinsAA	21:g.34914242_34914243delinsTT	1/21	.	strengthening_donor	jung_2021
21	42612462	G	C	ENSG00000182240	BACE2	ENST00000330333.6:c.619-1284G>C	21:g.42612462G>C	3/8	.	new_splice_acceptor	jung_2021
21	47422668	C	A	ENSG00000142156	COL6A1	ENST00000361866.3:c.2434+44C>A	21:g.47422668C>A	33/34	.	strengthening_donor	jung_2021
22	19165152	G	A	ENSG00000100075	SLC25A1	ENST00000215882.5:c.441+88C>T	22:g.19165152G>A	4/8	.	new_splice_donor	jung_2021
22	19375501	G	A	ENSG00000100084	HIRA	ENST00000263208.5:c.1008-162C>T	22:g.19375501G>A	10/24	.	strengthening_acceptor	jung_2021
22	37164226	A	G	ENSG00000100360	IFT27	ENST00000433985.2:c.35-320T>C	22:g.37164226A>G	1/6	.	strengthening_acceptor	jung_2021
22	39637045	G	T	ENSG00000100311	PDGFB	ENST00000331163.6:c.63+2861C>A	22:g.39637045G>T	1/6	.	change_sre	jung_2021
22	39714377	C	A	ENSG00000100316	RPL3	ENST00000216146.4:c.196+28G>T	22:g.39714377C>A	2/9	.	strengthening_donor	jung_2021
22	46747917	G	A	ENSG00000100416	TRMU	ENST00000290846.4:c.652-101G>A	22:g.46747917G>A	5/10	0.00022303999867290258	new_splice_donor	jung_2021
3	13362654	T	C	ENSG00000132182	NUP210	ENST00000254508.5:c.5166+431A>G	3:g.13362654T>C	36/39	3.1856998248258606e-05	strengthening_donor	jung_2021
3	20020604	G	A	ENSG00000144566	RAB5A	ENST00000273047.4:c.532+709G>A	3:g.20020604G>A	5/5	.	change_sre	jung_2021
3	33058892	G	T	ENSG00000170266	GLB1	ENST00000307363.5:c.1348-560C>A	3:g.33058892G>T	13/15	.	strengthening_donor	jung_2021
3	37375925	A	G	ENSG00000144674	GOLGA4	ENST00000356847.4:c.6259-619A>G	3:g.37375925A>G	17/22	.	strengthening_donor	jung_2021
3	47031282	G	A	ENSG00000160796	NBEAL2	ENST00000450053.3:c.556+199G>A	3:g.47031282G>A	6/53	.	strengthening_donor	jung_2021
3	49719055	C	A	ENSG00000164062	APEH	ENST00000296456.5:c.1439-100C>A	3:g.49719055C>A	15/21	.	strengthening_donor	jung_2021
3	101050803	A	C	ENSG00000138468	SENP7	ENST00000394095.2:c.2698+26T>G	3:g.101050803A>C	19/23	.	strengthening_donor	jung_2021
3	119218896	C	T	ENSG00000113845	TIMMDC1	ENST00000494664.1:c.195-646C>T	3:g.119218896C>T	1/6	.	new_splice_donor	jung_2021
3	136665160	A	G	ENSG00000158092	NCK1	ENST00000481752.1:c.939+23A>G	3:g.136665160A>G	3/3	.	strengthening_donor	jung_2021
3	136701582	C	G	ENSG00000174564	IL20RB	ENST00000329582.4:c.406+390C>G	3:g.136701582C>G	3/6	.	new_splice_donor	jung_2021
3	179293210	C	A	ENSG00000136518	ACTL6A	ENST00000429709.2:c.477-795C>A	3:g.179293210C>A	5/13	.	strengthening_acceptor	jung_2021
3	185375702	G	A	ENSG00000073792	IGF2BP2	ENST00000382199.2:c.1269+427C>T	3:g.185375702G>A	11/15	.	change_sre	jung_2021
4	8477242	C	T	ENSG00000155275	TRMT44	ENST00000389737.4:c.2045-257C>T	4:g.8477242C>T	10/10	.	strengthening_acceptor	jung_2021
4	25836711	C	T	ENSG00000091490	SEL1L3	ENST00000399878.3:c.860+108G>A	4:g.25836711C>T	3/23	.	strengthening_donor	jung_2021
4	38970886	T	G	ENSG00000121895	TMEM156	ENST00000381938.3:c.*39-1624A>C	4:g.38970886T>G	6/6	.	change_sre	jung_2021
5	16681101	C	G	ENSG00000145555	MYO10	ENST00000513610.1:c.4384+317G>C	5:g.16681101C>G	32/40	.	strengthening_acceptor	jung_2021
5	31467600	T	C	ENSG00000113360	DROSHA	ENST00000511367.2:c.2366+446A>G	5:g.31467600T>C	17/34	.	new_splice_donor	jung_2021
5	78910355	T	A	ENSG00000164329	PAPD4	ENST00000453514.1:c.-38+1457T>A	5:g.78910355T>A	1/14	.	change_sre	jung_2021
5	111068304	G	A	ENSG00000134986	NREP	ENST00000395634.3:c.214-1561C>T	5:g.111068304G>A	3/3	.	new_splice_donor	jung_2021
5	141526805	C	T	ENSG00000131507	NDFIP1	ENST00000253814.4:c.*2+2564C>T	5:g.141526805C>T	7/7	.	change_sre	jung_2021
6	7211296	C	G	ENSG00000124782	RREB1	ENST00000379938.2:c.570+115C>G	6:g.7211296C>G	7/12	.	new_splice_donor	jung_2021
6	20117591	T	C	ENSG00000172197	MBOAT1	ENST00000324607.7:c.1011+1077A>G	6:g.20117591T>C	9/12	.	strengthening_donor	jung_2021
6	31549785	G	C	ENSG00000227507	LTB	ENST00000429299.2:c.163-149C>G	6:g.31549785G>C	1/3	.	change_sre	jung_2021
6	41739367	G	T	ENSG00000137218	FRS3	ENST00000373018.3:c.565-96C>A	6:g.41739367G>T	6/6	.	strengthening_donor	jung_2021
6	91256017	C	A	ENSG00000135341	MAP3K7	ENST00000369329.3:c.1210+960G>T	6:g.91256017C>A	11/16	0.0004795099957846105	strengthening_acceptor	jung_2021
6	109768860	C	T	ENSG00000135596	MICAL1	ENST00000358807.3:c.1986+24G>A	6:g.109768860C>T	15/24	.	strengthening_donor	jung_2021
6	170061799	T	C	ENSG00000184465	WDR27	ENST00000448612.1:c.1025+601A>G	6:g.170061799T>C	9/25	.	new_splice_donor	jung_2021
7	1595683	C	A	ENSG00000164855	TMEM184A	ENST00000297477.5:c.-1+67G>T	7:g.1595683C>A	1/8	.	change_sre	jung_2021
7	5240397	G	A	ENSG00000157954	WIPI2	ENST00000288828.4:c.211+1108G>A	7:g.5240397G>A	3/12	.	strengthening_donor	jung_2021
7	5354081	GC	AT	ENSG00000182095	TNRC18	ENST00000430969.1:c.7027+533_7027+534delinsAT	7:g.5354081_5354082delinsAT	26/29	.	change_sre	jung_2021
7	23294005	A	T	ENSG00000136235	GPNMB	ENST00000381990.2:c.367+74A>T	7:g.23294005A>T	3/10	.	strengthening_acceptor	jung_2021
7	33138788	T	C	ENSG00000164610	RP9	ENST00000297157.3:c.313+131A>G	7:g.33138788T>C	3/5	.	new_splice_acceptor	jung_2021
7	73018226	G	A	ENSG00000009950	MLXIPL	ENST00000313375.3:c.901+1792C>T	7:g.73018226G>A	7/16	.	strengthening_acceptor	jung_2021
7	74009430	G	C	ENSG00000006704	GTF2IRD1	ENST00000455841.2:c.2725+52G>C	7:g.74009430G>C	25/26	.	change_sre	jung_2021
7	98991929	G	A	ENSG00000130429	ARPC1B	ENST00000451682.1:c.1081-145G>A	7:g.98991929G>A	11/11	.	change_sre	jung_2021
7	99056055	G	A	ENSG00000241468	ATP5J2	ENST00000292475.3:c.257-77C>T	7:g.99056055G>A	3/3	.	strengthening_acceptor	jung_2021
7	99691532	G	A	ENSG00000166508	MCM7	ENST00000303887.5:c.1848+264C>T	7:g.99691532G>A	13/14	.	strengthening_acceptor	jung_2021
7	124532129	C	G	ENSG00000128513	POT1	ENST00000357628.3:c.124+191G>C	7:g.124532129C>G	6/18	.	change_sre	jung_2021
7	124532780	T	C	ENSG00000128513	POT1	ENST00000357628.3:c.10-346A>G	7:g.124532780T>C	5/18	.	change_sre	jung_2021
7	149428305	C	A	ENSG00000133619	KRBA1	ENST00000255992.10:c.2144-457C>A	7:g.149428305C>A	16/17	.	strengthening_donor	jung_2021
7	155099062	G	A	ENSG00000186480	INSIG1	ENST00000340368.4:c.805-889G>A	7:g.155099062G>A	5/5	.	strengthening_donor	jung_2021
8	71168777	T	C	ENSG00000140396	NCOA2	ENST00000452400.2:c.-19-39778A>G	8:g.71168777T>C	2/22	.	change_sre	jung_2021
8	87520679	T	C	ENSG00000176623	RMDN1	ENST00000406452.3:c.129+42A>G	8:g.87520679T>C	1/9	.	new_splice_donor	jung_2021
8	103292525	CC	TT	ENSG00000104517	UBR5	ENST00000520539.1:c.6001+96_6001+97delinsAA	8:g.103292525_103292526delinsTT	42/58	.	strengthening_donor	jung_2021
8	110574146	A	C	ENSG00000147654	EBAG9	ENST00000337573.5:c.521+988A>C	8:g.110574146A>C	6/6	.	change_sre	jung_2021
8	144676049	C	A	ENSG00000104529	EEF1D	ENST00000423316.2:c.-14-1219G>T	8:g.144676049C>A	1/9	.	strengthening_donor	jung_2021
8	145157654	G	A	ENSG00000179526	SHARPIN	ENST00000398712.2:c.376+300C>T	8:g.145157654G>A	2/8	.	new_splice_donor	jung_2021
8	145242443	G	C	ENSG00000179832	MROH1	ENST00000528919.1:c.563-3244G>C	8:g.145242443G>C	6/42	.	strengthening_acceptor	jung_2021
8	145654959	C	G	ENSG00000160949	TONSL	ENST00000409379.3:c.3944-240G>C	8:g.145654959C>G	25/25	.	change_sre	jung_2021
9	19119164	A	G	ENSG00000147872	PLIN2	ENST00000276914.2:c.777+484T>C	9:g.19119164A>G	6/7	.	change_sre	jung_2021
9	22008383	A	C	ENSG00000147883	CDKN2B	ENST00000276925.6:c.156+414T>G	9:g.22008383A>C	1/1	.	new_splice_donor	jung_2021
9	35814670	C	T	ENSG00000137133	HINT2	ENST00000259667.5:c.81+226G>A	9:g.35814670C>T	1/4	.	new_splice_donor	jung_2021
9	133362687	T	C	ENSG00000130707	ASS1	ENST00000372394.1:c.839-2033T>C	9:g.133362687T>C	12/15	.	change_sre	jung_2021
9	136219256	T	C	ENSG00000148290	SURF1	ENST00000371974.3:c.751+45A>G	9:g.136219256T>C	7/8	.	strengthening_donor	jung_2021
9	137001975	C	T	ENSG00000196363	WDR5	ENST00000358625.3:c.-59+653C>T	9:g.137001975C>T	1/13	.	new_splice_donor	jung_2021
9	139992541	T	G	ENSG00000177239	MAN1B1	ENST00000371589.4:c.730+152T>G	9:g.139992541T>G	5/12	.	change_sre	jung_2021
9	140373788	C	A	ENSG00000130653	PNPLA7	ENST00000406427.1:c.2581-98G>T	9:g.140373788C>A	23/34	.	change_sre	jung_2021
X	53461167	G	T	ENSG00000072506	HSD17B10	ENST00000168216.6:c.27+99C>A	X:g.53461167G>T	1/5	.	strengthening_donor	jung_2021
X	53560612	G	A	ENSG00000086758	HUWE1	ENST00000342160.3:c.13023-240C>T	X:g.53560612G>A	82/82	.	new_splice_donor	jung_2021
X	54493671	A	T	ENSG00000102302	FGD1	ENST00000375135.3:c.1340+546T>A	X:g.54493671A>T	6/17	.	strengthening_donor	jung_2021
X	76817274	A	G	ENSG00000085224	ATRX	ENST00000373344.5:c.6327-2957T>C	X:g.76817274A>G	28/34	.	change_sre	jung_2021
X	106199190	T	C	ENSG00000133131	MORC4	ENST00000355610.4:c.1509+520A>G	X:g.106199190T>C	13/16	.	new_splice_donor	jung_2021
X	153736984	C	T	ENSG00000071889	FAM3A	ENST00000447601.2:c.152-56G>A	X:g.153736984C>T	3/8	.	strengthening_acceptor	jung_2021
1	45227996	T	C	ENSG00000142945	KIF2C	ENST00000372224.4:c.1752-22T>C	1:g.45227996T>C	17/20	.	branchpoint_associated	jung_2021
1	63920170	T	G	ENSG00000142856	ITGB3BP	ENST00000371092.3:c.451-26A>C	1:g.63920170T>G	6/9	.	branchpoint_associated	jung_2021
1	155033198	G	C	ENSG00000143537	ADAM15	ENST00000356955.2:c.2208-41G>C	1:g.155033198G>C	18/22	.	branchpoint_associated	jung_2021
1	201824234	C	A	ENSG00000198700	IPO9	ENST00000361565.4:c.912-18C>A	1:g.201824234C>A	8/23	.	branchpoint_associated	jung_2021
10	22606770	G	A	ENSG00000269897	COMMD3-BMI1	ENST00000602390.1:c.140-43G>A	10:g.22606770G>A	1/13	.	branchpoint_associated	jung_2021
11	380791	C	G	ENSG00000182272	B4GALNT4	ENST00000329962.6:c.2870-34C>G	11:g.380791C>G	18/19	.	branchpoint_associated	jung_2021
12	6669767	A	G	ENSG00000111641	NOP2	ENST00000382421.3:c.1537-32T>C	12:g.6669767A>G	14/16	.	branchpoint_associated	jung_2021
12	6787660	T	C	ENSG00000126746	ZNF384	ENST00000396801.3:c.353-34A>G	12:g.6787660T>C	5/10	.	branchpoint_associated	jung_2021
12	6977996	C	A	ENSG00000111669	TPI1	ENST00000229270.4:c.227-32C>A	12:g.6977996C>A	1/6	.	branchpoint_associated	jung_2021
12	100727919	C	G	ENSG00000136021	SCYL2	ENST00000360820.2:c.1762-25C>G	12:g.100727919C>G	13/17	.	branchpoint_associated	jung_2021
13	48953703	C	G	ENSG00000139687	RB1	ENST00000267163.4:c.1333-27C>G	13:g.48953703C>G	13/26	.	branchpoint_associated	jung_2021
14	35779915	C	G	ENSG00000258790	KIAA0391	ENST00000557565.1:c.*1069-31C>G	14:g.35779915C>G	11/14	.	branchpoint_associated	jung_2021
14	50895494	A	C	ENSG00000012983	MAP4K5	ENST00000013125.4:c.2234-22T>G	14:g.50895494A>C	28/31	.	branchpoint_associated	jung_2021
16	84531750	T	A	ENSG00000140950	TLDC1	ENST00000343629.6:c.-25-33A>T	16:g.84531750T>A	1/7	.	branchpoint_associated	jung_2021
17	40968103	T	C	ENSG00000126581	BECN1	ENST00000361523.4:c.684-31A>G	17:g.40968103T>C	7/11	.	branchpoint_associated	jung_2021
17	41907189	T	A	ENSG00000161647	MPP3	ENST00000398389.4:c.304-30A>T	17:g.41907189T>A	6/19	.	branchpoint_associated	jung_2021
17	73564520	C	T	ENSG00000073350	LLGL2	ENST00000392550.3:c.1037-37C>T	17:g.73564520C>T	10/25	.	branchpoint_associated	jung_2021
17	76114040	C	T	ENSG00000141524	TMC6	ENST00000590602.1:c.1888-24G>A	17:g.76114040C>T	15/19	.	branchpoint_associated	jung_2021
18	67801815	T	C	ENSG00000176225	RTTN	ENST00000255674.6:c.2886-38A>G	18:g.67801815T>C	22/48	.	branchpoint_associated	jung_2021
19	1222952	T	C	ENSG00000118046	STK11	ENST00000326873.7:c.921-32T>C	19:g.1222952T>C	7/9	.	branchpoint_associated	jung_2021
19	58596774	A	G	ENSG00000121413	ZSCAN18	ENST00000600404.1:c.1007-28T>C	19:g.58596774A>G	6/6	.	branchpoint_associated	jung_2021
2	27599322	A	G	ENSG00000115234	SNX17	ENST00000233575.2:c.1258-24A>G	2:g.27599322A>G	13/14	.	branchpoint_associated	jung_2021
2	48040538	T	C	ENSG00000138081	FBXO11	ENST00000403359.3:c.2084-22A>G	2:g.48040538T>C	17/22	.	branchpoint_associated	jung_2021
2	109392160	A	G	ENSG00000153201	RANBP2	ENST00000283195.6:c.8293-28A>G	2:g.109392160A>G	23/28	.	branchpoint_associated	jung_2021
2	183867776	T	C	ENSG00000061676	NCKAP1	ENST00000360982.2:c.331-18A>G	2:g.183867776T>C	4/31	.	branchpoint_associated	jung_2021
20	60891858	A	G	ENSG00000130702	LAMA5	ENST00000252999.3:c.7654-29T>C	20:g.60891858A>G	56/79	.	branchpoint_associated	jung_2021
22	29141822	A	G	ENSG00000100209	HSCB	ENST00000216027.3:c.424-30A>G	22:g.29141822A>G	3/5	.	branchpoint_associated	jung_2021
3	44434323	A	G	ENSG00000179152	TCAIM	ENST00000342649.4:c.573-24A>G	3:g.44434323A>G	5/10	.	branchpoint_associated	jung_2021
4	47887704	T	G	ENSG00000170448	NFXL1	ENST00000507489.1:c.1665-30A>C	4:g.47887704T>G	13/22	.	branchpoint_associated	jung_2021
5	132160138	G	A	ENSG00000164403	SHROOM1	ENST00000378679.3:c.1242-27C>T	5:g.132160138G>A	6/9	.	branchpoint_associated	jung_2021
6	10726114	T	G	ENSG00000111843	TMEM14C	ENST00000541412.1:c.98-26T>G	6:g.10726114T>G	3/5	.	branchpoint_associated	jung_2021
7	127957815	T	C	ENSG00000106344	RBM28	ENST00000223073.2:c.1714-29A>G	7:g.127957815T>C	15/18	.	branchpoint_associated	jung_2021
8	145651486	G	A	ENSG00000160948	VPS28	ENST00000377348.2:c.67-40C>T	8:g.145651486G>A	3/8	.	branchpoint_associated	jung_2021
9	139887764	G	C	ENSG00000148362	C9orf142	ENST00000371620.3:c.422-31G>C	9:g.139887764G>C	4/6	.	branchpoint_associated	jung_2021
X	38134423	T	C	ENSG00000156313	RPGR	ENST00000318842.7:c.2092-24A>G	X:g.38134423T>C	16/18	.	branchpoint_associated	jung_2021
X	46495111	T	A	ENSG00000065923	SLC9A7	ENST00000328306.4:c.1614-28A>T	X:g.46495111T>A	12/16	.	branchpoint_associated	jung_2021
X	48775948	A	T	ENSG00000102096	PIM2	ENST00000376509.4:c.62-26T>A	X:g.48775948A>T	1/5	.	branchpoint_associated	jung_2021
