ID	HGVSc
NM_000350.3:c.5196+1216C>A	ENST00000370225.3:c.5196+1216C>A
NM_000350.3:c.5196+1137G>A	ENST00000370225.3:c.5196+1137G>A
NM_000350.3:c.5196+1013A>G	ENST00000370225.3:c.5196+1013A>G
NM_000350.3:c.4539+2028C>T	ENST00000370225.3:c.4539+2028C>T
NM_000350.3:c.4539+2001G>A	ENST00000370225.3:c.4539+2001G>A
NM_000350.3:c.4539+1106C>T	ENST00000370225.3:c.4539+1106C>T
NM_000350.3:c.4539+1100A>G	ENST00000370225.3:c.4539+1100A>G
NM_000350.3:c.3050+370C>T	ENST00000370225.3:c.3050+370C>T
NM_000350.3:c.1938-619A>G	ENST00000370225.3:c.1938-619A>G
NM_000350.3:c.1937+435C>G	ENST00000370225.3:c.1937+435C>G
NM_000350.3:c.859-506G>C	ENST00000370225.3:c.859-506G>C
NM_000350.3:c.769-784C>T	ENST00000370225.3:c.769-784C>T
NM_206933.4:c.7595-2144A>G	ENST00000307340.3:c.7595-2144A>G
NM_007055.4:c.645+312C>T	ENST00000372371.3:c.645+312C>T
NM_000256.3:c.1928-569G>T	ENST00000545968.1:c.1928-569G>T
NM_000256.3:c.1927+600C>T	ENST00000545968.1:c.1927+600C>T
NM_000256.3:c.1090+453C>T	ENST00000545968.1:c.1090+453C>T
NM_000062.3:c.1029+384A>G	ENST00000278407.4:c.1029+384A>G
NM_002180.3:c.1235+894C>A	ENST00000255078.3:c.1235+894C>A
NM_032801.5:c.256+1260G>C	ENST00000299106.4:c.256+1260G>C
NM_024854.5:c.415-976A>G	ENST00000240651.9:c.415-976A>G
NM_000277.3:c.1199+502A>T	ENST00000553106.1:c.1199+502A>T
NM_000277.3:c.1065+241C>A	ENST00000553106.1:c.1065+241C>A
NM_000131.4:c.572-392C>G	ENST00000375581.3:c.572-392C>G
NM_020366.4:c.1468-128T>G	ENST00000400017.2:c.1468-128T>G
NM_001287.6:c.1617+119G>A	ENST00000382745.4:c.1617+119G>A
NM_004548.3:c.131-442G>C	ENST00000268668.6:c.131-442G>C
NM_000512.5:c.899-167A>G	ENST00000268695.5:c.899-167A>G
NM_003119.4:c.286+853A>G	ENST00000268704.2:c.286+853A>G
NM_080669.6:c.1166-285T>G	ENST00000440501.1:c.1166-285T>G
NM_001042492.3:c.4173+278A>G	ENST00000358273.4:c.4173+278A>G
NM_001004334.4:c.903+343G>A	ENST00000342292.4:c.903+343G>A
NM_015295.3:c.4347-236A>G	ENST00000320876.6:c.4347-236A>G
NM_000527.5:c.2141-218G>A	ENST00000558518.1:c.2141-218G>A
NM_015909.4:c.2423+404G>C	ENST00000281513.5:c.2423+404G>C
NM_022662.4:c.2705-198C>T	ENST00000341068.3:c.2705-198C>T
NM_000092.5:c.1623+702T>A	ENST00000396625.3:c.1623+702T>A
NM_001848.3:c.930+189C>T	ENST00000361866.3:c.930+189C>T
NM_003560.4:c.2035-274G>A	ENST00000332509.3:c.2035-274G>A
NM_016589.4:c.597-1340A>G	ENST00000494664.1:c.597-1340A>G
NM_000187.4:c.16-2063A>C	ENST00000283871.5:c.16-2063A>C
NM_153240.5:c.671-996C>G	ENST00000337331.5:c.671-996C>G
NM_001195794.1:c.254-649T>G	ENST00000328863.4:c.254-649T>G
NM_006017.3:c.2077-521A>G	ENST00000510224.1:c.2077-521A>G
NM_018475.5:c.792+182G>A	ENST00000381334.5:c.792+182G>A
NM_133433.4:c.4560+2069C>T	ENST00000282516.8:c.4560+2069C>T
NM_000082.4:c.173+1119G>C	ENST00000265038.5:c.173+1119G>C
NM_000843.4:c.1355-587dupA	ENST00000231188.5:c.1355-587dup
NM_000492.4:c.1680-886A>G	ENST00000003084.6:c.1680-886A>G
NM_000492.4:c.3874-4522A>G	ENST00000003084.6:c.3874-4522A>G
NM_019098.4:c.1663-2137C>T	ENST00000320005.5:c.1663-2137C>T
NM_000155.4:c.1059+390A>G	ENST00000378842.3:c.1059+390A>G
NM_000273.3:c.885+748G>A	ENST00000467482.1:c.885+748G>A
NM_004006.3:c.9974+175T>A	ENST00000357033.4:c.9974+175T>A
NM_004006.3:c.9225-647A>G	ENST00000357033.4:c.9225-647A>G
NM_004006.3:c.5739+362A>G	ENST00000357033.4:c.5739+362A>G
NM_004006.3:c.4518+512T>A	ENST00000357033.4:c.4518+512T>A
NM_004006.3:c.3603+820G>T	ENST00000357033.4:c.3603+820G>T
NM_004006.3:c.1149+250C>T	ENST00000357033.4:c.1149+250C>T
NM_005710.2:c.180-306G>A	ENST00000218224.4:c.180-306G>A
NM_000495.5:c.277-559A>G	ENST00000328300.6:c.277-559A>G
NM_000495.5:c.609+879A>G	ENST00000328300.6:c.609+879A>G
NM_000495.5:c.2395+1275C>G	ENST00000328300.6:c.2395+1275C>G
NM_000495.5:c.2395+1292G>T	ENST00000328300.6:c.2395+1292G>T
NM_000252.3:c.1468-577A>G	ENST00000370396.2:c.1468-577A>G
NM_000132.4:c.5999-277G>A	ENST00000360256.4:c.5999-277G>A
NM_000132.4:c.2113+601G>A	ENST00000360256.4:c.2113+601G>A
NM_000132.4:c.1443+602A>G	ENST00000360256.4:c.1443+602A>G
NM_000132.4:c.143+1567A>G	ENST00000360256.4:c.143+1567A>G
