#CHROM	POS	REF	ALT	Gene_ID	Gene_name	Intron_number	HGVSc	HGVSg	gnomADg_AF	Molecular_effect	Source	mutation_flag	#HGVSc	POS	SpliceAI	SpliceAI_ind
1	22215993	G	A	ENSG00000142798	HSPG2	6/96	ENST00000374695.3:c.574+481C>T	1:g.22215993G>A	3.186500180163421e-05	new_splice_donor	vazDrago_2017	new_splice_donor	ENST00000374695.3:c.574+481C>T	22215993	A|HSPG2|0.00|0.00|0.89|0.00|26|-34|2|-22	.
1	94484082	T	C	ENSG00000198691	ABCA4	36/49	ENST00000370225.3:c.5196+1056A>G	1:g.94484082T>C	.	new_splice_donor	vazDrago_2017	new_splice_donor	ENST00000370225.3:c.5196+1056A>G	94484082	C|ABCA4|0.00|0.00|0.61|0.01|3|-2|0|48	.
1	98045449	G	C	ENSG00000188641	DPYD	10/22	ENST00000370192.3:c.1129-5923C>G	1:g.98045449G>C	0.01335499994456768	new_splice_donor	vazDrago_2017	new_splice_donor	ENST00000370192.3:c.1129-5923C>G	98045449	C|DPYD|0.68|0.00|0.77|0.00|44|-40|1|-31	.
1	100672742	T	C	ENSG00000137992	DBT	8/10	ENST00000370132.4:c.1018-550A>G	1:g.100672742T>C	.	new_splice_donor	vazDrago_2017	new_splice_donor	ENST00000370132.4:c.1018-550A>G	100672742	C|DBT|0.00|0.00|0.79|0.00|40|-25|1|-31	.
1	215967783	T	C	ENSG00000042781	USH2A	50/71	ENST00000307340.3:c.9959-4159A>G	1:g.215967783T>C	.	new_splice_donor	vazDrago_2017	new_splice_donor	ENST00000307340.3:c.9959-4159A>G	215967783	C|USH2A|0.00|0.00|0.79|0.00|22|-34|1|-19	.
1	216039721	G	A	ENSG00000042781	USH2A	44/71	ENST00000307340.3:c.8845+628C>T	1:g.216039721G>A	.	new_splice_donor	vazDrago_2017	new_splice_donor	ENST00000307340.3:c.8845+628C>T	216039721	A|USH2A|0.00|0.00|0.33|0.00|39|-19|2|-19	.
1	216247476	T	C	ENSG00000042781	USH2A	27/71	ENST00000307340.3:c.5573-834A>G	1:g.216247476T>C	3.183900116709992e-05	new_splice_donor	vazDrago_2017	NA	ENST00000307340.3:c.5573-834A>G	216247476	C|USH2A|0.00|0.00|0.27|0.00|6|-48|5|-48	.
2	26500642	A	G	ENSG00000138029	HADHB	7/15	ENST00000317799.5:c.442+614A>G	2:g.26500642A>G	.	new_splice_donor	vazDrago_2017	NA	ENST00000317799.5:c.442+614A>G	26500642	G|HADHB|0.00|0.00|0.68|0.00|-20|39|-1|39	.
2	47635062	T	G	ENSG00000095002	MSH2	1/15	ENST00000233146.2:c.212-478T>G	2:g.47635062T>G	.	new_splice_donor	vazDrago_2017	new_splice_donor	ENST00000233146.2:c.212-478T>G	47635062	G|MSH2|0.00|0.00|1.00|0.07|-37|-2|-1|-2	.
2	71889030	G	T	ENSG00000135636	DYSF	45/55	ENST00000410020.3:c.5003+1249G>T	2:g.71889030G>T	.	new_splice_donor	vazDrago_2017	NA	ENST00000410020.3:c.5003+1249G>T	71889030	T|DYSF|0.00|0.00|0.26|0.00|-10|5|-2|5	.
3	136003251	A	G	ENSG00000114054	PCCB	7/15	ENST00000469217.1:c.714+462A>G	3:g.136003251A>G	.	strengthening_donor	vazDrago_2017	strengthening_donor	ENST00000469217.1:c.714+462A>G	136003251	G|PCCB|0.00|0.00|0.43|0.00|-36|2|-5|-43	.
3	193335986	G	A	ENSG00000198836	OPA1	4/29	ENST00000361908.3:c.557-672G>A	3:g.193335986G>A	.	new_splice_acceptor	vazDrago_2017	NA	ENST00000361908.3:c.557-672G>A	193335986	A|OPA1|0.33|0.00|0.00|0.00|2|34|2|37	.
3	193335990	G	A	ENSG00000198836	OPA1	4/29	ENST00000361908.3:c.557-668G>A	3:g.193335990G>A	.	new_splice_acceptor	vazDrago_2017	NA	ENST00000361908.3:c.557-668G>A	193335990	A|OPA1|0.36|0.00|0.00|0.00|2|30|2|30	.
4	17500790	T	C	ENSG00000151552	QDPR	4/6	ENST00000281243.5:c.436+2552A>G	4:g.17500790T>C	.	new_splice_donor	vazDrago_2017	new_splice_donor	ENST00000281243.5:c.436+2552A>G	17500790	C|QDPR|0.00|0.00|0.85|0.00|0|-27|1|29	.
4	108945190	G	T	ENSG00000138796	HADH	5/8	ENST00000603302.1:c.636+471G>T	4:g.108945190G>T	.	new_splice_donor	vazDrago_2017	NA	ENST00000603302.1:c.636+471G>T	108945190	T|HADH|0.00|0.04|0.85|0.00|-49|44|-2|21	.
4	155486360	A	G	ENSG00000171564	FGB	1/7	ENST00000302068.4:c.115-600A>G	4:g.155486360A>G	.	change_sre	vazDrago_2017	NA	ENST00000302068.4:c.115-600A>G	155486360	G|FGB|0.30|0.00|0.38|0.00|-22|27|27|-3	.
4	155530122	T	A	ENSG00000171557	FGG	6/8	ENST00000336098.3:c.667-320A>T	4:g.155530122T>A	.	new_splice_donor	vazDrago_2017	NA	ENST00000336098.3:c.667-320A>T	155530122	A|FGG|0.00|0.00|0.78|0.00|6|-37|6|-37	.
5	7883859	T	C	ENSG00000124275	MTRR	6/14	ENST00000264668.2:c.984+469T>C	5:g.7883859T>C	9.554099960951135e-05	change_sre	vazDrago_2017	NA	ENST00000264668.2:c.984+469T>C	7883859	C|MTRR|0.04|0.00|0.00|0.00|-22|-2|40|-2	.
5	42700896	A	G	ENSG00000112964	GHR	6/9	ENST00000230882.4:c.618+792A>G	5:g.42700896A>G	.	new_splice_donor	vazDrago_2017	new_splice_donor	ENST00000230882.4:c.618+792A>G	42700896	G|GHR|0.00|0.00|0.76|0.00|0|42|0|47	.
5	112115546	G	A	ENSG00000134982	APC	5/15	ENST00000457016.1:c.532-941G>A	5:g.112115546G>A	.	new_splice_donor	vazDrago_2017	NA	ENST00000457016.1:c.532-941G>A	112115546	A|APC|0.00|0.00|0.35|0.00|-48|36|1|-20	.
5	112158419	C	T	ENSG00000134982	APC	11/15	ENST00000457016.1:c.1408+731C>T	5:g.112158419C>T	.	new_splice_donor	vazDrago_2017	new_splice_donor	ENST00000457016.1:c.1408+731C>T	112158419	T|APC|0.00|0.00|0.99|0.01|-12|30|-2|30	.
5	112158423	A	T	ENSG00000134982	APC	11/15	ENST00000457016.1:c.1408+735A>T	5:g.112158423A>T	.	strengthening_donor	vazDrago_2017	strengthening_donor	ENST00000457016.1:c.1408+735A>T	112158423	T|APC|0.00|0.00|0.62|0.01|-16|26|-6|26	.
6	49404228	G	T	ENSG00000146085	MUT	11/12	ENST00000274813.3:c.1957-892C>A	6:g.49404228G>T	.	new_splice_donor	vazDrago_2017	NA	ENST00000274813.3:c.1957-892C>A	49404228	T|MUT|0.00|0.00|0.47|0.00|50|-35|7|-26	.
6	51746236	A	G	ENSG00000170927	PKHD1	46/66	ENST00000371117.3:c.7350+1655T>C	6:g.51746236A>G	.	new_splice_donor	vazDrago_2017	NA	ENST00000371117.3:c.7350+1655T>C	51746236	G|PKHD1|0.00|0.00|0.00|0.00|-13|-5|-11|-13	.
6	76593963	T	G	ENSG00000196586	MYO6	23/34	ENST00000369977.3:c.2417-1758T>G	6:g.76593963T>G	.	new_splice_donor	vazDrago_2017	NA	ENST00000369977.3:c.2417-1758T>G	76593963	G|MYO6|0.00|0.00|0.36|0.00|-30|23|-1|-15	.
7	117280015	C	T	ENSG00000001626	CFTR	22/26	ENST00000003084.6:c.3718-2477C>T	7:g.117280015C>T	6.375499651767313e-05	new_splice_donor	vazDrago_2017	new_splice_donor	ENST00000003084.6:c.3718-2477C>T	117280015	T|CFTR|0.00|0.00|0.16|0.00|-11|36|-2|36	.
8	30999982	A	G	ENSG00000165392	WRN	26/34	ENST00000298139.5:c.3234-160A>G	8:g.30999982A>G	.	new_splice_acceptor	vazDrago_2017	NA	ENST00000298139.5:c.3234-160A>G	30999982	G|WRN|0.00|0.00|0.00|0.00|1|2|-42|-28	.
9	21968346	T	C	ENSG00000147889	CDKN2A	3/3	ENST00000498124.1:c.*151-105A>G	9:g.21968346T>C	.	exon_extension	vazDrago_2017	NA	ENST00000498124.1:c.*151-105A>G	21968346	C|CDKN2A|0.00|0.00|0.97|0.25|48|-22|1|-17,C|RP11-145E5.5|0.00|0.00|0.00|0.00|1|9|32|-10	.
9	98226337	T	C	ENSG00000185920	PTCH1	15/23	ENST00000331920.6:c.2561-2057A>G	9:g.98226337T>C	.	new_splice_donor	vazDrago_2017	new_splice_donor	ENST00000331920.6:c.2561-2057A>G	98226337	C|PTCH1|0.00|0.00|0.71|0.00|18|-41|1|-48	.
10	126100239	G	C	ENSG00000065154	OAT	2/9	ENST00000368845.5:c.199+303C>G	10:g.126100239G>C	.	new_splice_donor	vazDrago_2017	new_splice_donor	ENST00000368845.5:c.199+303C>G	126100239	C|OAT|0.00|0.00|0.70|0.00|44|-22|1|19	.
11	5247102	A	C	ENSG00000244734	HBB	2/2	ENST00000335295.4:c.316-146T>G	11:g.5247102A>C	.	new_splice_donor	vazDrago_2017	new_splice_donor	ENST00000335295.4:c.316-146T>G	5247102	C|HBB|0.00|0.00|0.90|0.00|45|-26|0|9	.
11	17465872	T	C	ENSG00000006071	ABCC8	8/38	ENST00000389817.3:c.1333-1013A>G	11:g.17465872T>C	.	new_splice_donor	vazDrago_2017	new_splice_donor	ENST00000389817.3:c.1333-1013A>G	17465872	C|ABCC8|0.00|0.00|0.83|0.02|1|-43|1|-43	.
11	67816907	G	A	ENSG00000110719	TCIRG1	15/19	ENST00000265686.3:c.1887+146G>A	11:g.67816907G>A	.	exon_extension	vazDrago_2017	NA	ENST00000265686.3:c.1887+146G>A	67816907	A|TCIRG1|0.00|0.00|0.73|0.33|-39|12|-3|14	.
11	108141209	GGTAA	G	ENSG00000149311	ATM	18/62	ENST00000278616.4:c.2839-579_2839-576del	11:g.108141212_108141215del	.	change_sre	vazDrago_2017	NA	ENST00000278616.4:c.2839-579_2839-576del	108141209	.	G|ATM|0.66|0.00|0.01|0.05|-11|1|32|0
11	108158168	A	G	ENSG00000149311	ATM	26/62	ENST00000278616.4:c.3994-159A>G	11:g.108158168A>G	.	change_sre	vazDrago_2017	change_sre	ENST00000278616.4:c.3994-159A>G	108158168	G|ATM|0.35|0.00|0.00|0.41|-24|37|17|-3	.
12	48380015	A	C	ENSG00000139219	COL2A1	23/53	ENST00000380518.3:c.1527+104T>G	12:g.48380015A>C	.	exon_extension	vazDrago_2017	NA	ENST00000380518.3:c.1527+104T>G	48380015	C|COL2A1|0.72|0.00|0.33|0.13|-1|-39|0|37	.
12	88494960	T	C	ENSG00000198707	CEP290	26/53	ENST00000552810.1:c.2991+1655A>G	12:g.88494960T>C	0.0001277599949389696	strengthening_donor	vazDrago_2017	strengthening_donor	ENST00000552810.1:c.2991+1655A>G	88494960	C|CEP290|0.00|0.00|0.15|0.00|5|11|5|37	.
12	108961426	G	C	ENSG00000136003	ISCU	4/4	ENST00000311893.9:c.418+382G>C	12:g.108961426G>C	.	new_splice_acceptor	vazDrago_2017	NA	ENST00000311893.9:c.418+382G>C	108961426	C|ISCU|0.17|0.00|0.00|0.00|8|26|26|8	.
13	32919384	T	G	ENSG00000139618	BRCA2	12/27	ENST00000544455.1:c.6937+594T>G	13:g.32919384T>G	0.00031875999411568046	strengthening_donor	vazDrago_2017	strengthening_donor	ENST00000544455.1:c.6937+594T>G	32919384	G|BRCA2|0.00|0.00|0.75|0.00|-46|-5|-5|-48	.
13	49046098	A	G	ENSG00000139687	RB1	23/26	ENST00000267163.4:c.2490-1398A>G	13:g.49046098A>G	.	new_splice_donor	vazDrago_2017	new_splice_donor	ENST00000267163.4:c.2490-1398A>G	49046098	G|RB1|0.00|0.00|0.05|0.00|-44|35|-1|35	.
13	100958030	A	G	ENSG00000175198	PCCA	14/23	ENST00000376285.1:c.1285-1416A>G	13:g.100958030A>G	.	change_sre	vazDrago_2017	NA	ENST00000376285.1:c.1285-1416A>G	100958030	G|PCCA|0.38|0.00|0.00|0.00|-25|2|49|2	.
15	42697047	G	C	ENSG00000092529	CAPN3	14/23	ENST00000397163.3:c.1782+1072G>C	15:g.42697047G>C	.	new_splice_acceptor	vazDrago_2017	NA	ENST00000397163.3:c.1782+1072G>C	42697047	C|CAPN3|0.06|0.02|0.02|0.00|7|1|2|1	.
15	48721629	T	C	ENSG00000166147	FBN1	56/65	ENST00000316623.5:c.6872-961A>G	15:g.48721629T>C	.	new_splice_donor	vazDrago_2017	new_splice_donor	ENST00000316623.5:c.6872-961A>G	48721629	C|FBN1|0.00|0.00|0.97|0.00|1|0|1|-15	.
16	2107460	C	T	ENSG00000103197	TSC2	9/41	ENST00000219476.3:c.848+281C>T	16:g.2107460C>T	.	new_splice_donor	vazDrago_2017	new_splice_donor	ENST00000219476.3:c.848+281C>T	2107460	T|TSC2|0.00|0.00|0.91|0.00|-2|49|-2|-32	.
16	8926102	C	T	ENSG00000140650	PMM2	7/7	ENST00000268261.4:c.640-15479C>T	16:g.8926102C>T	.	new_splice_donor	vazDrago_2017	new_splice_donor	ENST00000268261.4:c.640-15479C>T	8926102	T|PMM2|0.00|0.00|0.78|0.02|3|21|-2|2	.
16	56917770	C	T	ENSG00000070915	SLC12A3	13/25	ENST00000438926.2:c.1670-191C>T	16:g.56917770C>T	3.186300091329031e-05	new_splice_donor	vazDrago_2017	new_splice_donor	ENST00000438926.2:c.1670-191C>T	56917770	T|SLC12A3|0.13|0.00|0.72|0.05|-37|44|-2|44	.
16	56927219	C	T	ENSG00000070915	SLC12A3	21/25	ENST00000438926.2:c.2548+253C>T	16:g.56927219C>T	.	new_splice_donor	vazDrago_2017	new_splice_donor	ENST00000438926.2:c.2548+253C>T	56927219	T|SLC12A3|0.00|0.00|0.53|0.01|-2|2|-2|2	.
17	29487248	C	T	ENSG00000196712	NF1	3/57	ENST00000358273.4:c.288+1137C>T	17:g.29487248C>T	.	new_splice_donor	vazDrago_2017	new_splice_donor	ENST00000358273.4:c.288+1137C>T	29487248	T|NF1|0.00|0.00|0.72|0.00|-25|2|-2|2	.
17	78090422	A	G	ENSG00000171298	GAA	15/19	ENST00000302262.3:c.2190-345A>G	17:g.78090422A>G	.	new_splice_acceptor	vazDrago_2017	new_splice_acceptor	ENST00000302262.3:c.2190-345A>G	78090422	G|GAA|0.90|0.01|0.01|0.00|1|41|45|-11	.
18	21132700	C	T	ENSG00000141458	NPC1	9/24	ENST00000269228.5:c.1554-1009G>A	18:g.21132700C>T	.	strengthening_donor	vazDrago_2017	strengthening_donor	ENST00000269228.5:c.1554-1009G>A	21132700	T|NPC1|0.00|0.00|0.38|0.01|-2|42|-1|42	.
18	77470825	C	T	ENSG00000060069	CTDP1	6/12	ENST00000299543.7:c.863+389C>T	18:g.77470825C>T	.	new_splice_donor	vazDrago_2017	NA	ENST00000299543.7:c.863+389C>T	77470825	T|CTDP1|0.00|0.00|0.13|0.00|-2|27|-2|27	.
19	1386643	C	G	ENSG00000115286	NDUFS7	1/7	ENST00000233627.9:c.17-1167C>G	19:g.1386643C>G	.	strengthening_donor	vazDrago_2017	strengthening_donor	ENST00000233627.9:c.17-1167C>G	1386643	G|NDUFS7|0.00|0.00|0.27|0.00|-45|35|-5|-47	.
19	39074134	A	G	ENSG00000196218	RYR1	101/105	ENST00000359596.3:c.14647-1449A>G	19:g.39074134A>G	.	new_splice_donor	vazDrago_2017	NA	ENST00000359596.3:c.14647-1449A>G	39074134	G|RYR1|0.00|0.00|0.01|0.00|-1|10|-1|26	.
19	54633399	C	G	ENSG00000105618	PRPF31	13/13	ENST00000321030.4:c.1374+654C>G	19:g.54633399C>G	.	exon_extension	vazDrago_2017	NA	ENST00000321030.4:c.1374+654C>G	54633399	G|PRPF31|0.00|0.00|0.83|0.26|-1|3|-1|3	.
20	6074846	C	T	ENSG00000101311	FERMT1	9/14	ENST00000217289.4:c.1139+740G>A	20:g.6074846C>T	3.184899833286181e-05	new_splice_acceptor	vazDrago_2017	NA	ENST00000217289.4:c.1139+740G>A	6074846	T|FERMT1|0.86|0.00|0.00|0.00|-2|-19|25|49	.
21	33039383	C	G	ENSG00000142168	SOD1	3/4	ENST00000270142.6:c.240-188C>G	21:g.33039383C>G	.	new_splice_donor	vazDrago_2017	NA	ENST00000270142.6:c.240-188C>G	33039383	G|SOD1|0.00|0.00|0.00|0.00|-3|21|27|-4	.
22	30070689	T	A	ENSG00000186575	NF2	12/15	ENST00000338641.4:c.1341-136T>A	22:g.30070689T>A	.	new_splice_donor	vazDrago_2017	NA	ENST00000338641.4:c.1341-136T>A	30070689	A|NF2|0.00|0.00|0.00|0.04|40|-14|40|-14	.
22	50502853	A	C	ENSG00000100427	MLC1	10/11	ENST00000311597.5:c.895-226T>G	22:g.50502853A>C	.	new_splice_donor	vazDrago_2017	new_splice_donor	ENST00000311597.5:c.895-226T>G	50502853	C|MLC1|0.00|0.00|0.50|0.00|0|2|0|15	.
X	9711844	A	C	ENSG00000101850	GPR143	5/8	ENST00000467482.1:c.659-131T>G	X:g.9711844A>C	.	new_splice_donor	vazDrago_2017	new_splice_donor	ENST00000467482.1:c.659-131T>G	9711844	C|GPR143|0.68|0.00|0.91|0.00|40|-6|0|-41	.
X	13768358	A	G	ENSG00000046651	OFD1	9/22	ENST00000340096.6:c.935+706A>G	X:g.13768358A>G	.	strengthening_donor	vazDrago_2017	strengthening_donor	ENST00000340096.6:c.935+706A>G	13768358	G|OFD1|0.00|0.00|0.39|0.00|-4|38|-5|-4	.
X	20191268	A	C	ENSG00000177189	RPS6KA3	14/21	ENST00000379565.3:c.1228-279T>G	X:g.20191268A>C	.	new_splice_donor	vazDrago_2017	new_splice_donor	ENST00000379565.3:c.1228-279T>G	20191268	C|RPS6KA3|0.00|0.00|0.90|0.00|0|-36|0|-16	.
X	31219364	G	A	ENSG00000198947	DMD	67/78	ENST00000357033.4:c.9807+2714C>T	X:g.31219364G>A	.	new_splice_donor	vazDrago_2017	new_splice_donor	ENST00000357033.4:c.9807+2714C>T	31219364	A|DMD|0.00|0.00|0.66|0.04|2|-30|2|-30	.
X	31279418	T	C	ENSG00000198947	DMD	62/78	ENST00000357033.4:c.9225-285A>G	X:g.31279418T>C	.	strengthening_donor	vazDrago_2017	strengthening_donor	ENST00000357033.4:c.9225-285A>G	31279418	C|DMD|0.00|0.00|0.76|0.00|5|-17|5|-28	.
X	32366860	A	C	ENSG00000198947	DMD	37/78	ENST00000357033.4:c.5326-215T>G	X:g.32366860A>C	.	new_splice_acceptor	vazDrago_2017	new_splice_acceptor	ENST00000357033.4:c.5326-215T>G	32366860	C|DMD|0.32|0.00|0.00|0.00|-1|14|0|14	.
X	32460274	G	T	ENSG00000198947	DMD	27/78	ENST00000357033.4:c.3787-843C>A	X:g.32460274G>T	.	strengthening_donor	vazDrago_2017	strengthening_donor	ENST00000357033.4:c.3787-843C>A	32460274	T|DMD|0.00|0.00|0.56|0.00|31|-20|3|50	.
X	32470726	C	G	ENSG00000198947	DMD	26/78	ENST00000357033.4:c.3603+2053G>C	X:g.32470726C>G	.	change_sre	vazDrago_2017	change_sre	ENST00000357033.4:c.3603+2053G>C	32470726	G|DMD|0.19|0.00|0.00|0.00|20|-1|20|0	.
X	33032666	A	T	ENSG00000198947	DMD	2/78	ENST00000357033.4:c.93+5590T>A	X:g.33032666A>T	.	new_splice_acceptor	vazDrago_2017	new_splice_acceptor	ENST00000357033.4:c.93+5590T>A	33032666	T|DMD|0.92|0.01|0.60|0.00|-2|-21|-47|44	.
X	37657051	A	G	ENSG00000165168	CYBB	6/12	ENST00000378588.4:c.675-1157A>G	X:g.37657051A>G	.	new_splice_donor	vazDrago_2017	new_splice_donor	ENST00000378588.4:c.675-1157A>G	37657051	G|CYBB|0.00|0.00|0.73|0.00|-49|2|0|13,G|RP5-972B16.2|0.00|0.00|0.73|0.00|-49|2|0|13	.
X	38260946	G	A	ENSG00000036473	OTC	5/9	ENST00000039007.4:c.540+265G>A	X:g.38260946G>A	.	new_splice_acceptor	vazDrago_2017	new_splice_acceptor	ENST00000039007.4:c.540+265G>A	38260946	A|OTC|0.65|0.04|0.00|0.00|2|30|2|-42,A|RP5-972B16.2|0.65|0.04|0.00|0.00|2|30|2|-42	.
X	66942551	A	G	ENSG00000169083	AR	6/7	ENST00000374690.3:c.2450-118A>G	X:g.66942551A>G	.	new_splice_donor	vazDrago_2017	new_splice_donor	ENST00000374690.3:c.2450-118A>G	66942551	G|AR|0.00|0.00|0.80|0.01|-43|0|0|20	.
X	77269725	A	G	ENSG00000165240	ATP7A	10/22	ENST00000341514.6:c.2407-434A>G	X:g.77269725A>G	.	exon_extension	vazDrago_2017	NA	ENST00000341514.6:c.2407-434A>G	77269725	G|ATP7A|0.00|0.00|0.00|0.00|23|36|-36|-4	.
X	85223644	A	T	ENSG00000188419	CHM	4/14	ENST00000357749.2:c.315-4587T>A	X:g.85223644A>T	.	new_splice_acceptor	vazDrago_2017	new_splice_acceptor	ENST00000357749.2:c.315-4587T>A	85223644	T|CHM|0.94|0.01|0.00|0.00|-2|-7|-2|-7	.
X	100654735	C	T	ENSG00000102393	GLA	4/6	ENST00000218516.3:c.640-801G>A	X:g.100654735C>T	4.5296001189853996e-05	change_sre	vazDrago_2017	NA	ENST00000218516.3:c.640-801G>A	100654735	T|GLA|0.00|0.00|0.30|0.00|-3|-1|-3|-43,T|RPL36A-HNRNPH2|0.00|0.00|0.00|0.00|41|45|-27|15	.
X	107813924	G	A	ENSG00000188153	COL4A5	6/52	ENST00000328300.6:c.385-719G>A	X:g.107813924G>A	.	change_sre	vazDrago_2017	change_sre	ENST00000328300.6:c.385-719G>A	107813924	A|COL4A5|0.23|0.00|0.01|0.00|-45|-9|41|-1	.
X	107852872	A	G	ENSG00000188153	COL4A5	29/52	ENST00000328300.6:c.2395+2750A>G	X:g.107852872A>G	.	new_splice_acceptor	vazDrago_2017	new_splice_acceptor	ENST00000328300.6:c.2395+2750A>G	107852872	G|COL4A5|0.54|0.00|0.45|0.00|1|2|30|2	.
X	133628822	T	A	ENSG00000165704	HPRT1	6/8	ENST00000298556.7:c.485+1202T>A	X:g.133628822T>A	.	new_splice_acceptor	vazDrago_2017	new_splice_acceptor	ENST00000298556.7:c.485+1202T>A	133628822	A|HPRT1|0.97|0.00|0.00|0.00|2|26|29|8	.
X	135737600	A	T	ENSG00000102245	CD40LG	3/4	ENST00000370629.2:c.347-915A>T	X:g.135737600A>T	.	new_splice_donor	vazDrago_2017	new_splice_donor	ENST00000370629.2:c.347-915A>T	135737600	T|CD40LG|0.00|0.00|0.82|0.01|-2|38|-2|38	.
X	148568762	T	C	ENSG00000010404	IDS	7/8	ENST00000340855.6:c.1007-133A>G	X:g.148568762T>C	.	new_splice_donor	vazDrago_2017	NA	ENST00000340855.6:c.1007-133A>G	148568762	C|AF011889.5|0.00|0.11|0.91|0.01|44|-15|5|15,C|IDS|0.00|0.11|0.91|0.01|44|-15|5|15	.
X	153641699	G	A	ENSG00000102125	TAZ	3/10	ENST00000299328.5:c.284+110G>A	X:g.153641699G>A	.	exon_extension	vazDrago_2017	NA	ENST00000299328.5:c.284+110G>A	153641699	A|TAZ|0.00|0.00|0.58|0.16|-25|23|-4|-23	.
X	154131240	C	T	ENSG00000185010	F8	18/25	ENST00000360256.4:c.5999-798G>A	X:g.154131240C>T	.	strengthening_acceptor	vazDrago_2017	strengthening_acceptor	ENST00000360256.4:c.5999-798G>A	154131240	T|F8|0.44|0.34|0.00|0.00|-11|-1|-42|-1	.
X	154131652	G	A	ENSG00000185010	F8	18/25	ENST00000360256.4:c.5998+529C>T	X:g.154131652G>A	.	new_splice_donor	vazDrago_2017	new_splice_donor	ENST00000360256.4:c.5998+529C>T	154131652	A|F8|0.00|0.00|0.34|0.00|2|-18|2|10	.
