#CHROM	POS	REF	ALT	ID	HGVSc	Gene	SYMBOL	INTRON	HGVSg	gnomADg_AF	mutation_flag	source
1	94467632	T	A	NM_000350.3:c.6148-84A>T	ENST00000370225.3:c.6148-84A>T	ENSG00000198691	ABCA4	44/49	1:g.94467632T>A	.	strengthening_donor	keegan_2022
1	94481967	C	A	NM_000350.3:c.5197-557G>T	ENST00000370225.3:c.5197-557G>T	ENSG00000198691	ABCA4	36/49	1:g.94481967C>A	.	strengthening_donor	keegan_2022
1	94489769	T	C	NM_000350.3:c.4634+741A>G	ENST00000370225.3:c.4634+741A>G	ENSG00000198691	ABCA4	31/49	1:g.94489769T>C	.	new_splice_donor	keegan_2022
1	94492936	G	C	NM_000350.3:c.4539+2065C>G	ENST00000370225.3:c.4539+2065C>G	ENSG00000198691	ABCA4	30/49	1:g.94492936G>C	.	strengthening_donor	keegan_2022
1	94492937	G	A	NM_000350.3:c.4539+2064C>T	ENST00000370225.3:c.4539+2064C>T	ENSG00000198691	ABCA4	30/49	1:g.94492937G>A	.	change_sre	keegan_2022
1	94517960	G	A	NM_000350.3:c.2588-706C>T	ENST00000370225.3:c.2588-706C>T	ENSG00000198691	ABCA4	16/49	1:g.94517960G>A	.	new_splice_donor	keegan_2022
1	94526829	T	C	NM_000350.3:c.1938-514A>G	ENST00000370225.3:c.1938-514A>G	ENSG00000198691	ABCA4	13/49	1:g.94526829T>C	.	new_splice_donor	keegan_2022
1	94526936	C	T	NM_000350.3:c.1938-621G>A	ENST00000370225.3:c.1938-621G>A	ENSG00000198691	ABCA4	13/49	1:g.94526936C>T	.	strengthening_donor	keegan_2022
1	94546814	G	C	NM_000350.3:c.859-540C>G	ENST00000370225.3:c.859-540C>G	ENSG00000198691	ABCA4	7/49	1:g.94546814G>C	.	strengthening_donor	keegan_2022
1	94546914	T	C	NM_000350.3:c.859-640A>G	ENST00000370225.3:c.859-640A>G	ENSG00000198691	ABCA4	7/49	1:g.94546914T>C	.	new_splice_donor	keegan_2022
1	94566773	T	C	NM_000350.3:c.570+1798A>G	ENST00000370225.3:c.570+1798A>G	ENSG00000198691	ABCA4	5/49	1:g.94566773T>C	6.367400055751204e-05	new_splice_donor	keegan_2022
1	103386637	A	C	NM_001854.4:c.3708+437T>G	ENST00000370096.3:c.3708+437T>G	ENSG00000060718	COL11A1	48/66	1:g.103386637A>C	.	new_splice_donor	keegan_2022
1	156842717	C	T	NM_001007792.1:c.851-798C>T	ENST00000524377.1:c.851-708C>T	ENSG00000198400	NTRK1	7/16	1:g.156842717C>T	.	change_sre	keegan_2022
1	169521527	T	C	NM_000130.5:c.1296+268A>G	ENST00000367797.3:c.1296+268A>G	ENSG00000198734	F5	8/24	1:g.169521527T>C	3.184299930580892e-05	new_splice_donor	keegan_2022
1	215827312	T	C	NM_206933.4:c.14134-3169A>G	ENST00000307340.3:c.14134-3169A>G	ENSG00000042781	USH2A	64/71	1:g.215827312T>C	.	new_splice_donor	keegan_2022
1	216247485	T	C	NM_206933.4:c.5573-843A>G	ENST00000307340.3:c.5573-843A>G	ENSG00000042781	USH2A	27/71	1:g.216247485T>C	.	strengthening_donor	keegan_2022
1	236977232	G	A	NM_000254.3:c.609+1088G>A	ENST00000366577.5:c.609+1088G>A	ENSG00000116984	MTR	6/32	1:g.236977232G>A	.	new_splice_acceptor	keegan_2022
2	20151929	C	A	NM_001006657.2:c.1434-684G>T	ENST00000345530.3:c.1434-684G>T	ENSG00000118965	WDR35	13/27	2:g.20151929C>A	.	new_splice_donor	keegan_2022
2	27460038	T	G	NM_004341.5:c.4397-209T>G	ENST00000264705.4:c.4397-209T>G	ENSG00000084774	CAD	27/43	2:g.27460038T>G	.	strengthening_donor	keegan_2022
2	48948898	T	G	NM_000233.4:c.536+1697A>C	ENST00000294954.7:c.536+1697A>C	ENSG00000138039	LHCGR	6/10	2:g.48948898T>G	.	change_sre	keegan_2022
2	71894114	A	G	NM_001130987.2:c.5341-415A>G	ENST00000410020.3:c.5318-392A>G	ENSG00000135636	DYSF	47/55	2:g.71894114A>G	.	new_splice_donor	keegan_2022
2	74077998	A	G	NM_006463.6:c.1005+358A>G	ENST00000394070.2:c.1005+358A>G	ENSG00000124356	STAMBP	7/9	2:g.74077998A>G	.	strengthening_donor	keegan_2022
2	152355017	G	T	NM_001164507.1:c.24115-151C>A	ENST00000397345.3:c.24115-151C>A	ENSG00000183091	NEB	169/181	2:g.152355017G>T	.	change_sre	keegan_2022
2	152552812	T	C	NM_001164507.1:c.1569+339A>G	ENST00000397345.3:c.1569+339A>G	ENSG00000183091	NEB	17/181	2:g.152552812T>C	.	new_splice_acceptor	keegan_2022
2	211520504	A	G	NM_001122633.3:c.3559-745A>G	ENST00000430249.2:c.3577-745A>G	ENSG00000021826	CPS1	30/38	2:g.211520504A>G	.	new_splice_donor	keegan_2022
2	211532752	A	G	NM_001122633.3:c.4102-239A>G	ENST00000430249.2:c.4021-158A>G	ENSG00000021826	CPS1	34/38	2:g.211532752A>G	.	new_splice_donor	keegan_2022
2	227952799	T	C	NM_000092.5:c.1623+570A>G	ENST00000396625.3:c.1623+570A>G	ENSG00000081052	COL4A4	22/47	2:g.227952799T>C	0.0674000009894371	strengthening_donor	keegan_2022
2	228173078	A	G	NM_000091.5:c.4463-537A>G	ENST00000396578.3:c.4462+443A>G	ENSG00000169031	COL4A3	48/51	2:g.228173078A>G	0.9997000098228455	change_sre	keegan_2022
2	228173092	C	G	NM_000091.5:c.4463-523C>G	ENST00000396578.3:c.4462+457C>G	ENSG00000169031	COL4A3	48/51	2:g.228173092C>G	.	new_splice_donor	keegan_2022
2	228176114	G	T	NM_000091.5:c.4929-388G>T	ENST00000396578.3:c.4929-388G>T	ENSG00000169031	COL4A3	51/51	2:g.228176114G>T	0.00047266000183299184	strengthening_acceptor	keegan_2022
3	33160815	C	G	NM_006371.5:c.472-1021C>G	ENST00000320954.6:c.472-1021C>G	ENSG00000170275	CRTAP	1/6	3:g.33160815C>G	.	new_splice_donor	keegan_2022
3	49406095	G	A	NM_001664.4:c.157-114C>T	ENST00000418115.1:c.157-114C>T	ENSG00000067560	RHOA	2/4	3:g.49406095G>A	0.06260000169277191	change_sre	keegan_2022
3	148717967	C	G	NM_004130.4:c.481+3276C>G	ENST00000345003.4:c.481+3276C>G	ENSG00000163754	GYG1	4/7	3:g.148717967C>G	.	strengthening_donor	keegan_2022
3	148878965	G	A	NM_032383.5:c.2393-1612G>A	ENST00000296051.2:c.2106+899G>A	ENSG00000163755	HPS3	11/16	3:g.148878965G>A	.	new_splice_acceptor	keegan_2022
4	84391198	C	A	NM_139076.3:c.476+158G>T	ENST00000321945.7:c.476+158G>T	ENSG00000163322	FAM175A	5/8	4:g.84391198C>A	.	change_sre	keegan_2022
4	155527225	T	C	NM_000509.5:c.1129+632A>G	ENST00000336098.3:c.1129+632A>G	ENSG00000171557	FGG	8/8	4:g.155527225T>C	0.004585700109601021	new_splice_donor	keegan_2022
4	159602711	C	G	NM_004453.4:c.176-636C>G	ENST00000511912.1:c.176-636C>G	ENSG00000171503	ETFDH	2/12	4:g.159602711C>G	.	new_splice_acceptor	keegan_2022
5	42700940	T	G	NM_000163.5:c.618+836T>G	ENST00000230882.4:c.618+836T>G	ENSG00000112964	GHR	6/9	5:g.42700940T>G	.	new_splice_donor	keegan_2022
5	60223645	T	C	NM_000082.4:c.173+1046A>G	ENST00000265038.5:c.173+1046A>G	ENSG00000049167	ERCC8	2/11	5:g.60223645T>C	.	new_splice_donor	keegan_2022
5	112126337	T	G	NM_000038.6:c.646-1806T>G	ENST00000457016.1:c.646-1806T>G	ENSG00000134982	APC	6/15	5:g.112126337T>G	.	new_splice_donor	keegan_2022
5	112158417	A	G	NM_000038.6:c.1408+729A>G	ENST00000457016.1:c.1408+729A>G	ENSG00000134982	APC	11/15	5:g.112158417A>G	.	new_splice_donor	keegan_2022
5	147790860	C	G	NM_030793.5:c.1093+532C>G	ENST00000394370.3:c.1093+532C>G	ENSG00000145868	FBXO38	9/21	5:g.147790860C>G	0.6888999938964844	strengthening_donor	keegan_2022
5	149440308	CCT	C	NM_001349736.2:c.1969+115_1969+116delAG	ENST00000286301.3:c.1969+115_1969+116del	ENSG00000182578	CSF1R	14/21	5:g.149440309_149440310del	.	change_sre	keegan_2022
6	112381431	G	T	NM_003880.4:c.49-763G>T	ENST00000361714.1:c.103-763G>T	ENSG00000112761	WISP3	1/4	6:g.112381431G>T	.	branchpoint_associated	keegan_2022
7	21746354	G	A	NM_001277115.2:c.6547-963G>A	ENST00000409508.3:c.6547-963G>A	ENSG00000105877	DNAH11	39/81	7:g.21746354G>A	6.369000038830563e-05	change_sre	keegan_2022
7	91870173	CTT	C	NM_194456.1:c.262+132_262+133del	ENST00000394507.1:c.262+132_262+133del	ENSG00000001631	KRIT1	6/19	7:g.91870174_91870175del	.	branchpoint_associated	keegan_2022
7	94025130	A	G	NM_000089.4:c.70+717A>G	ENST00000297268.6:c.70+717A>G	ENSG00000164692	COL1A2	1/51	7:g.94025130A>G	.	new_splice_donor	keegan_2022
7	117218381	A	G	NM_000492.4:c.1584+18672A>G	ENST00000003084.6:c.1585-9412A>G	ENSG00000001626	CFTR	11/26	7:g.117218381A>G	.	strengthening_donor	keegan_2022
7	117229524	A	G	NM_000492.4:c.1680-883A>G	ENST00000003084.6:c.1680-883A>G	ENSG00000001626	CFTR	12/26	7:g.117229524A>G	.	new_splice_donor	keegan_2022
7	117229530	G	T	NM_000492.4:c.1680-877G>T	ENST00000003084.6:c.1680-877G>T	ENSG00000001626	CFTR	12/26	7:g.117229530G>T	.	strengthening_donor	keegan_2022
7	117250260	A	T	NM_000492.4:c.2989-313A>T	ENST00000003084.6:c.2989-313A>T	ENSG00000001626	CFTR	18/26	7:g.117250260A>T	.	new_splice_donor	keegan_2022
7	117266272	C	G	NM_000492.4:c.3469-1304C>G	ENST00000003084.6:c.3469-1304C>G	ENSG00000001626	CFTR	21/26	7:g.117266272C>G	.	new_splice_donor	keegan_2022
8	30999972	A	G	NM_000553.6:c.3234-170A>G	ENST00000298139.5:c.3234-170A>G	ENSG00000165392	WRN	26/34	8:g.30999972A>G	.	new_splice_acceptor	keegan_2022
9	108368857	G	T	NM_001079802.2:c.648-1243G>T	ENST00000223528.2:c.648-1243G>T	ENSG00000106692	FKTN	5/9	9:g.108368857G>T	.	strengthening_donor	keegan_2022
10	17088532	G	C	NM_001081.4:c.3330-439C>G	ENST00000377833.4:c.3330-439C>G	ENSG00000107611	CUBN	23/66	10:g.17088532G>C	.	new_splice_donor	keegan_2022
11	2181774	C	T	NM_000207.3:c.187+241G>A	ENST00000397262.1:c.187+241G>A	ENSG00000254647	INS	1/1	11:g.2181774C>T	.	strengthening_donor	keegan_2022
11	5247062	G	C	NM_000518.5:c.316-106C>G	ENST00000335295.4:c.316-106C>G	ENSG00000244734	HBB	2/2	11:g.5247062G>C	.	new_splice_donor	keegan_2022
11	5247153	G	A	NM_000518.5:c.316-197C>T	ENST00000335295.4:c.316-197C>T	ENSG00000244734	HBB	2/2	11:g.5247153G>A	.	new_splice_donor	keegan_2022
11	47441478	T	G	NM_002804.5:c.1127+337A>C	ENST00000298852.3:c.1127+337A>C	ENSG00000165916	PSMC3	10/11	11:g.47441478T>G	.	new_splice_donor	keegan_2022
11	68681681	A	G	NM_002180.3:c.712-610A>G	ENST00000255078.3:c.712-610A>G	ENSG00000132740	IGHMBP2	5/14	11:g.68681681A>G	.	new_splice_acceptor	keegan_2022
11	108121024	C	T	NM_001351834.2:c.1236-404C>T	ENST00000278616.4:c.1236-404C>T	ENSG00000149311	ATM	9/62	11:g.108121024C>T	.	new_splice_donor	keegan_2022
11	108124418	A	G	NM_001351834.2:c.1899-123A>G	ENST00000278616.4:c.1899-123A>G	ENSG00000149311	ATM	12/62	11:g.108124418A>G	3.185099922120571e-05	new_splice_donor	keegan_2022
11	108131354	G	C	NM_001351834.2:c.2466+1552G>C	ENST00000278616.4:c.2466+1552G>C	ENSG00000149311	ATM	16/62	11:g.108131354G>C	.	strengthening_acceptor	keegan_2022
11	108137514	A	G	NM_001351834.2:c.2467-384A>G	ENST00000278616.4:c.2467-384A>G	ENSG00000149311	ATM	16/62	11:g.108137514A>G	.	new_splice_donor	keegan_2022
11	108138557	CCTGG	C	NM_001351834.2:c.2639-579_2639-576del	ENST00000278616.4:c.2638+489_2638+492del	ENSG00000149311	ATM	17/62	11:g.108138558_108138561del	.	change_sre	keegan_2022
11	108179837	A	G	NM_001351834.2:c.5763-1050A>G	ENST00000278616.4:c.5763-1050A>G	ENSG00000149311	ATM	38/62	11:g.108179837A>G	6.370199844241142e-05	strengthening_donor	keegan_2022
11	108227630	A	G	NM_001351834.2:c.8850+2029A>G	ENST00000278616.4:c.8850+2029A>G	ENSG00000149311	ATM	61/62	11:g.108227630A>G	.	new_splice_acceptor	keegan_2022
11	112100091	TA	T	NM_000317.3:c.163+696del55	ENST00000280362.3:c.163+698del	ENSG00000150787	PTS	2/5	11:g.112100094del	.	branchpoint_associated	keegan_2022
11	112100215	A	T	NM_000317.3:c.164-716A>T	ENST00000280362.3:c.164-716A>T	ENSG00000150787	PTS	2/5	11:g.112100215A>T	.	strengthening_donor	keegan_2022
13	48937921	T	G	NM_000321.3:c.861+828T>G	ENST00000267163.4:c.861+828T>G	ENSG00000139687	RB1	8/26	13:g.48937921T>G	.	new_splice_donor	keegan_2022
13	49028554	C	G	NM_000321.3:c.1814+1307C>G	ENST00000267163.4:c.1814+1307C>G	ENSG00000139687	RB1	18/26	13:g.49028554C>G	.	new_splice_donor	keegan_2022
14	21789155	G	C	NM_020366.4:c.1468-263G>C	ENST00000400017.2:c.1468-263G>C	ENSG00000092200	RPGRIP1	11/23	14:g.21789155G>C	.	branchpoint_associated	keegan_2022
14	21794565	G	A	NM_020366.4:c.2710+233G>A	ENST00000400017.2:c.2710+233G>A	ENSG00000092200	RPGRIP1	16/23	14:g.21794565G>A	.	strengthening_donor	keegan_2022
14	24730233	G	A	NM_000359.3:c.508+668C>T	ENST00000206765.6:c.509-329C>T	ENSG00000092295	TGM1	3/14	14:g.24730233G>A	.	new_splice_donor	keegan_2022
14	88447772	A	G	NM_000153.4:c.621+777T>C	ENST00000261304.2:c.621+777T>C	ENSG00000054983	GALC	6/16	14:g.88447772A>G	.	change_sre	keegan_2022
14	95559038	A	C	NM_001291628.1:c.5364+1187T>G	ENST00000526495.1:c.5364+1187T>G	ENSG00000100697	DICER1	26/28	14:g.95559038A>C	.	new_splice_acceptor	keegan_2022
15	48707358	C	A	NM_000138.5:c.8051+375G>T	ENST00000316623.5:c.8051+375G>T	ENSG00000166147	FBN1	64/65	15:g.48707358C>A	.	new_splice_donor	keegan_2022
15	91337151	A	G	NM_000057.4:c.3032-258A>G	ENST00000355112.3:c.3020-246A>G	ENSG00000197299	BLM	15/21	15:g.91337151A>G	.	new_splice_donor	keegan_2022
16	2333457	G	A	NM_001089.3:c.3863-98C>T	ENST00000301732.5:c.3863-98C>T	ENSG00000167972	ABCA3	25/32	16:g.2333457G>A	.	new_splice_donor	keegan_2022
16	50813428	A	G	NM_015247.3:c.1139-148A>G	ENST00000427738.3:c.1139-148A>G	ENSG00000083799	CYLD	7/17	16:g.50813428A>G	.	new_splice_donor	keegan_2022
16	56916706	T	G	NM_000339.3:c.1669+297T>G	ENST00000438926.2:c.1669+297T>G	ENSG00000070915	SLC12A3	13/25	16:g.56916706T>G	.	new_splice_acceptor	keegan_2022
17	29475515	G	T	NM_001042492.3:c.61-7486G>T	ENST00000358273.4:c.61-7486G>T	ENSG00000196712	NF1	1/57	17:g.29475515G>T	.	strengthening_donor	keegan_2022
17	29488136	T	G	NM_001042492.3:c.288+2025T>G	ENST00000358273.4:c.288+2025T>G	ENSG00000196712	NF1	3/57	17:g.29488136T>G	.	new_splice_donor	keegan_2022
17	29520116	A	G	NM_001042492.3:c.889-7324A>G	ENST00000358273.4:c.889-7324A>G	ENSG00000196712	NF1	8/57	17:g.29520116A>G	.	new_splice_donor	keegan_2022
17	29526499	G	T	NM_001042492.3:c.889-941G>T	ENST00000358273.4:c.889-941G>T	ENSG00000196712	NF1	8/57	17:g.29526499G>T	.	branchpoint_associated	keegan_2022
17	29530107	A	G	NM_001042492.3:c.1260+1604A>G	ENST00000358273.4:c.1260+1604A>G	ENSG00000196712	NF1	11/57	17:g.29530107A>G	.	new_splice_acceptor	keegan_2022
17	29534143	T	G	NM_001042492.3:c.1392+754T>G	ENST00000358273.4:c.1392+754T>G	ENSG00000196712	NF1	12/57	17:g.29534143T>G	.	new_splice_acceptor	keegan_2022
17	29540877	A	G	NM_001042492.3:c.1393-592A>G	ENST00000358273.4:c.1393-592A>G	ENSG00000196712	NF1	12/57	17:g.29540877A>G	.	strengthening_donor	keegan_2022
17	29542762	C	T	NM_001042492.3:c.1527+1159C>T	ENST00000358273.4:c.1527+1159C>T	ENSG00000196712	NF1	13/57	17:g.29542762C>T	.	new_splice_donor	keegan_2022
17	29577082	A	G	NM_001042492.3:c.4110+945A>G	ENST00000358273.4:c.4110+945A>G	ENSG00000196712	NF1	30/57	17:g.29577082A>G	.	strengthening_donor	keegan_2022
17	29651229	C	T	NM_001042492.3:c.4836-1609C>T	ENST00000358273.4:c.4836-1609C>T	ENSG00000196712	NF1	36/57	17:g.29651229C>T	0.4481000006198883	new_splice_donor	keegan_2022
17	29654339	G	T	NM_001042492.3:c.5547-456G>T	ENST00000358273.4:c.5269-178G>T	ENSG00000196712	NF1	37/57	17:g.29654339G>T	.	new_splice_donor	keegan_2022
17	40478306	G	A	NM_139276.3:c.1282-89C>T	ENST00000264657.5:c.1282-89C>T	ENSG00000168610	STAT3	14/23	17:g.40478306G>A	.	new_splice_donor	keegan_2022
17	41238856	G	A	NM_007294.4:c.4185+4105C>T	ENST00000471181.2:c.4185+4105C>T	ENSG00000012048	BRCA1	11/23	17:g.41238856G>A	.	new_splice_donor	keegan_2022
17	54925466	A	G	NM_003647.3:c.888+40A>G	ENST00000284061.3:c.888+40A>G	ENSG00000153933	DGKE	5/11	17:g.54925466A>G	.	strengthening_acceptor	keegan_2022
17	59858864	T	A	NM_032043.3:c.1629-498A>T	ENST00000259008.2:c.1629-498A>T	ENSG00000136492	BRIP1	11/19	17:g.59858864T>A	.	new_splice_donor	keegan_2022
17	73839777	C	A	NM_199242.3:c.118-177G>T	ENST00000207549.4:c.118-177G>T	ENSG00000092929	UNC13D	1/31	17:g.73839777C>A	.	change_sre	keegan_2022
17	73840243	G	A	NM_199242.3:c.117+59C>T	ENST00000207549.4:c.117+59C>T	ENSG00000092929	UNC13D	1/31	17:g.73840243G>A	0.2921000123023987	change_sre	keegan_2022
17	78078341	T	G	NM_000152.5:c.-32-13T>G	ENST00000302262.3:c.-32-13T>G	ENSG00000171298	GAA	1/19	17:g.78078341T>G	0.0030934999231249094	strengthening_donor	keegan_2022
19	39069695	A	G	NM_000540.3:c.14646-1449A>G	ENST00000359596.3:c.14364+851A>G	ENSG00000196218	RYR1	99/105	19:g.39069695A>G	.	new_splice_donor	keegan_2022
19	54633455	C	G	NM_015629.4:c.1374+654C>G	ENST00000321030.4:c.1374+710C>G	ENSG00000105618	PRPF31	13/13	19:g.54633455C>G	.	new_splice_donor	keegan_2022
20	13767051	A	C	NM_024120.5:c.223-907A>C	ENST00000378106.5:c.223-907A>C	ENSG00000101247	NDUFAF5	1/10	20:g.13767051A>C	.	change_sre	keegan_2022
20	33537864	T	C	NM_000178.4:c.129+1663A>G	ENST00000216951.2:c.129+1663A>G	ENSG00000100983	GSS	2/12	20:g.33537864T>C	.	new_splice_donor	keegan_2022
21	33040480	C	G	NM_000454.5:c.358-304C>G	ENST00000270142.6:c.358-304C>G	ENSG00000142168	SOD1	4/4	21:g.33040480C>G	.	strengthening_donor	keegan_2022
22	30050946	G	A	NM_000268.4:c.516+232G>A	ENST00000338641.4:c.516+232G>A	ENSG00000186575	NF2	5/15	22:g.30050946G>A	.	branchpoint_associated	keegan_2022
22	30073952	T	A	NM_000268.4:c.1447-233T>A	ENST00000338641.4:c.1447-233T>A	ENSG00000186575	NF2	13/15	22:g.30073952T>A	.	strengthening_donor	keegan_2022
X	22113485	G	T	NM_000444.6:c.849+1268G>T	ENST00000379374.4:c.849+1268G>T	ENSG00000102174	PHEX	7/21	X:g.22113485G>T	.	new_splice_donor	keegan_2022
X	30688489	G	A	NM_203391.3:c.259+2254G>A	ENST00000378943.3:c.259+2254G>A	ENSG00000198814	GK	3/19	X:g.30688489G>A	.	new_splice_acceptor	keegan_2022
X	31225211	A	C	NM_004006.3:c.9564-427T>G	ENST00000357033.4:c.9564-427T>G	ENSG00000198947	DMD	65/78	X:g.31225211A>C	.	strengthening_donor	keegan_2022
X	31226400	T	C	NM_004006.3:c.9563+1215A>G	ENST00000357033.4:c.9563+1215A>G	ENSG00000198947	DMD	65/78	X:g.31226400T>C	.	new_splice_donor	keegan_2022
X	31382270	C	A	NM_004006.3:c.9085-15519G>T	ENST00000357033.4:c.9085-15519G>T	ENSG00000198947	DMD	60/78	X:g.31382270C>A	.	new_splice_donor	keegan_2022
X	31613687	C	A	NM_004006.3:c.8217+32103G>T	ENST00000357033.4:c.8217+32103G>T	ENSG00000198947	DMD	55/78	X:g.31613687C>A	.	new_splice_donor	keegan_2022
X	31627738	T	C	NM_004006.3:c.8217+18052A>G	ENST00000357033.4:c.8217+18052A>G	ENSG00000198947	DMD	55/78	X:g.31627738T>C	.	new_splice_acceptor	keegan_2022
X	31699349	G	C	NM_004006.3:c.7661-1646C>G	ENST00000357033.4:c.7661-1646C>G	ENSG00000198947	DMD	52/78	X:g.31699349G>C	.	new_splice_donor	keegan_2022
X	31897527	A	C	NM_004006.3:c.6913-4037T>G	ENST00000357033.4:c.6913-4037T>G	ENSG00000198947	DMD	47/78	X:g.31897527A>C	.	new_splice_acceptor	keegan_2022
X	31983146	C	A	NM_004006.3:c.6614+3310G>T	ENST00000357033.4:c.6614+3310G>T	ENSG00000198947	DMD	45/78	X:g.31983146C>A	.	new_splice_donor	keegan_2022
X	32256187	G	GCCATGTTCAGGGGAG	NM_004006.3:c.6291-21008_6291-21007insCTCCCCTGAACATGG	ENST00000357033.4:c.6291-21001_6291-21000insGAACATGGCTCCCCT	ENSG00000198947	DMD	43/78	X:g.32256187_32256188insCCATGTTCAGGGGAG	.	strengthening_acceptor	keegan_2022
X	32274692	G	A	NM_004006.3:c.6290+30954C>T	ENST00000357033.4:c.6290+30954C>T	ENSG00000198947	DMD	43/78	X:g.32274692G>A	.	new_splice_donor	keegan_2022
X	32379147	TACCCATTTTTTAATATCT	T	NM_004006.3:c.5325+1740_5325+1757del	ENST00000357033.4:c.5325+1743_5325+1760del	ENSG00000198947	DMD	37/78	X:g.32379148_32379165del	.	branchpoint_associated	keegan_2022
X	32479316	T	C	NM_004006.3:c.3432+2240A>G	ENST00000357033.4:c.3432+2240A>G	ENSG00000198947	DMD	25/78	X:g.32479316T>C	.	new_splice_donor	keegan_2022
X	32479520	T	C	NM_004006.3:c.3432+2036A>G	ENST00000357033.4:c.3432+2036A>G	ENSG00000198947	DMD	25/78	X:g.32479520T>C	.	new_splice_acceptor	keegan_2022
X	32499784	T	C	NM_004006.3:c.2803+3252A>G	ENST00000357033.4:c.2803+3252A>G	ENSG00000198947	DMD	21/78	X:g.32499784T>C	.	new_splice_donor	keegan_2022
X	32632097	G	C	NM_004006.3:c.1482+323C>G	ENST00000357033.4:c.1482+323C>G	ENSG00000198947	DMD	12/78	X:g.32632097G>C	.	new_splice_acceptor	keegan_2022
X	32644479	G	C	NM_004006.3:c.1332-11909C>G	ENST00000357033.4:c.1332-11909C>G	ENSG00000198947	DMD	11/78	X:g.32644479G>C	.	new_splice_donor	keegan_2022
X	32669100	G	A	NM_004006.3:c.961-5831C>T	ENST00000357033.4:c.961-5831C>T	ENSG00000198947	DMD	9/78	X:g.32669100G>A	.	new_splice_donor	keegan_2022
X	32669194	T	G	NM_004006.3:c.961-5925A>C	ENST00000357033.4:c.961-5925A>C	ENSG00000198947	DMD	9/78	X:g.32669194T>G	.	strengthening_acceptor	keegan_2022
X	32756908	T	C	NM_004006.3:c.650-39498A>G	ENST00000357033.4:c.650-39498A>G	ENSG00000198947	DMD	7/78	X:g.32756908T>C	.	new_splice_donor	keegan_2022
X	32756985	T	G	NM_004006.3:c.650-39575A>C	ENST00000357033.4:c.650-39575A>C	ENSG00000198947	DMD	7/78	X:g.32756985T>G	0.1386999934911728	new_splice_donor	keegan_2022
X	32841967	T	C	NM_004006.3:c.265-463A>G	ENST00000357033.4:c.265-463A>G	ENSG00000198947	DMD	4/78	X:g.32841967T>C	.	new_splice_donor	keegan_2022
X	33192452	C	T	NM_004006.3:c.31+36947G>A	ENST00000357033.4:c.31+36947G>A	ENSG00000198947	DMD	1/78	X:g.33192452C>T	.	new_splice_acceptor	keegan_2022
X	37516304	A	G	NM_000397.4:c.675-1157A>G	ENST00000378619.3:c.697+1240A>G	ENSG00000147036	LANCL3	2/4	X:g.37516304A>G	0.0015450000064447522	new_splice_donor	keegan_2022
X	37654041	G	T	NM_000397.4:c.483+978G>T	ENST00000378588.4:c.483+978G>T	ENSG00000165168	CYBB	5/12	X:g.37654041G>T	.	new_splice_donor	keegan_2022
X	37656474	A	G	NM_000397.4:c.674+1080A>G	ENST00000378588.4:c.674+1080A>G	ENSG00000165168	CYBB	6/12	X:g.37656474A>G	.	new_splice_acceptor	keegan_2022
X	38160137	C	T	NM_000328.3:c.1059+363G>A	ENST00000378505.2:c.1059+363G>A	ENSG00000156313	RPGR	9/14	X:g.38160137C>T	0.0001367899967590347	strengthening_acceptor	keegan_2022
X	38269404	A	G	NM_000531.6:c.867+1126A>G	ENST00000039007.4:c.867+1126A>G	ENSG00000036473	OTC	8/9	X:g.38269404A>G	.	new_splice_donor	keegan_2022
X	38272343	C	G	NM_000531.6:c.1005+1091C>G	ENST00000039007.4:c.1005+1091C>G	ENSG00000036473	OTC	9/9	X:g.38272343C>G	.	new_splice_donor	keegan_2022
X	77269726	A	G	NM_000052.7:c.2406+1117A>G	ENST00000341514.6:c.2407-433A>G	ENSG00000165240	ATP7A	10/22	X:g.77269726A>G	.	strengthening_donor	keegan_2022
X	77279056	T	G	NM_000052.7:c.2916+2480T>G	ENST00000341514.6:c.2916+2480T>G	ENSG00000165240	ATP7A	14/22	X:g.77279056T>G	.	new_splice_donor	keegan_2022
X	77287843	C	G	NM_000052.7:c.3294+763C>G	ENST00000341514.6:c.3294+763C>G	ENSG00000165240	ATP7A	16/22	X:g.77287843C>G	.	new_splice_donor	keegan_2022
X	100656225	C	G	NM_000169.3:c.547+395G>C	ENST00000218516.3:c.547+395G>C	ENSG00000102393	GLA	3/6	X:g.100656225C>G	.	change_sre	keegan_2022
X	107820077	G	T	NM_000495.5:c.609+875G>T	ENST00000328300.6:c.609+875G>T	ENSG00000188153	COL4A5	10/52	X:g.107820077G>T	.	new_splice_donor	keegan_2022
X	107842994	C	G	NM_000495.5:c.1948+894C>G	ENST00000328300.6:c.1948+894C>G	ENSG00000188153	COL4A5	25/52	X:g.107842994C>G	.	new_splice_acceptor	keegan_2022
X	107932678	T	G	NM_000495.5:c.4510+1754T>G	ENST00000328300.6:c.4528+1754T>G	ENSG00000188153	COL4A5	49/52	X:g.107932678T>G	.	strengthening_donor	keegan_2022
X	107935633	A	G	NM_000495.5:c.4511-345A>G	ENST00000328300.6:c.4529-345A>G	ENSG00000188153	COL4A5	49/52	X:g.107935633A>G	.	new_splice_donor	keegan_2022
X	128687279	A	G	NM_000276.4:c.239-4023A>G	ENST00000371113.4:c.239-4023A>G	ENSG00000122126	OCRL	4/23	X:g.128687279A>G	.	new_splice_donor	keegan_2022
X	133625464	A	G	NM_000194.3:c.402+1229A>G	ENST00000298556.7:c.402+1229A>G	ENSG00000165704	HPRT1	5/8	X:g.133625464A>G	.	new_splice_donor	keegan_2022
X	148584841	C	G	NM_000202.8:c.418+1G>C	ENST00000422081.2:c.-215-2273G>C	ENSG00000241489	IDS	3/8	X:g.148584841C>G	.	strengthening_acceptor	keegan_2022
X	148584842	C	T	NM_000202.8:c.418G>A	ENST00000422081.2:c.-215-2274G>A	ENSG00000241489	IDS	3/8	X:g.148584842C>T	.	strengthening_acceptor	keegan_2022
X	153790819	C	T	NM_001321396.3:c.722+866C>T	ENST00000369609.5:c.973-206C>T	ENSG00000073009	IKBKG	6/9	X:g.153790819C>T	.	strengthening_donor	keegan_2022
X	153991848	C	G	NM_001363.5:c.16+592C>G	ENST00000369550.5:c.16+592C>G	ENSG00000130826	DKC1	1/14	X:g.153991848C>G	.	strengthening_donor	keegan_2022
X	154132892	G	A	NM_000132.4:c.5587-93C>T	ENST00000360256.4:c.5587-93C>T	ENSG00000185010	F8	16/25	X:g.154132892G>A	.	new_splice_donor	keegan_2022
X	154132897	C	T	NM_000132.4:c.5587-98G>A	ENST00000360256.4:c.5587-98G>A	ENSG00000185010	F8	16/25	X:g.154132897C>T	.	strengthening_donor	keegan_2022
X	154143411	T	C	NM_000132.4:c.5220-8563A>G	ENST00000360256.4:c.5220-8563A>G	ENSG00000185010	F8	14/25	X:g.154143411T>C	.	new_splice_acceptor	keegan_2022
X	154189025	T	C	NM_000132.4:c.1537+325A>G	ENST00000360256.4:c.1537+325A>G	ENSG00000185010	F8	10/25	X:g.154189025T>C	.	new_splice_donor	keegan_2022
